"dist_to_nearest_pags","postcode","postcode_start","postcode_end","long","lat","urban"
64.41812,"DN331AA","DN33","1AA",-0.096729,53.549181,1
50.61157,"DN331AB","DN33","1AB",-0.096235,53.549092,1
105.6097,"DN331AD","DN33","1AD",-0.094923,53.549053,1
21.80864,"DN331AE","DN33","1AE",-0.093024,53.54911,1
158.044,"DN331AF","DN33","1AF",-0.094739,53.549796,1
128.0581,"DN331AG","DN33","1AG",-0.094951,53.549431,1
233.2139,"DN331AH","DN33","1AH",-0.100052,53.549932,1
305.925,"DN331AJ","DN33","1AJ",-0.100933,53.549346,1
316.2459,"DN331AL","DN33","1AL",-0.102727,53.549069,1
258.1221,"DN331AN","DN33","1AN",-0.103871,53.549474,1
294.0684,"DN331AP","DN33","1AP",-0.10324,53.549068,1
184.8689,"DN331AQ","DN33","1AQ",-0.098098,53.549949,1
131.7677,"DN331AR","DN33","1AR",-0.10575,53.548746,1
187.8319,"DN331AS","DN33","1AS",-0.105137,53.549503,1
125.5945,"DN331AT","DN33","1AT",-0.106135,53.549465,1
54.29297,"DN331AU","DN33","1AU",-0.106765,53.550239,1
296.2954,"DN331AW","DN33","1AW",-0.103012,53.549775,1
38.52853,"DN331AX","DN33","1AX",-0.107307,53.550283,1
57.09717,"DN331AY","DN33","1AY",-0.106617,53.550971,1
93.70199,"DN331AZ","DN33","1AZ",-0.106025,53.551042,1
63.99113,"DN331BA","DN33","1BA",-0.106397,53.550368,1
118.7821,"DN331BB","DN33","1BB",-0.105747,53.550052,1
152.3792,"DN331BD","DN33","1BD",-0.105489,53.549751,1
111.5787,"DN331BE","DN33","1BE",-0.105627,53.550374,1
144.3133,"DN331BF","DN33","1BF",-0.094494,53.547974,1
76.82201,"DN331BG","DN33","1BG",-0.092812,53.548345,1
186.3137,"DN331BH","DN33","1BH",-0.094301,53.550472,1
254.9906,"DN331BJ","DN33","1BJ",-0.094079,53.551386,1
223.8916,"DN331BL","DN33","1BL",-0.096523,53.551739,1
179.1835,"DN331BN","DN33","1BN",-0.097135,53.551911,1
227.4568,"DN331BP","DN33","1BP",-0.097359,53.550602,1
183.4433,"DN331BQ","DN33","1BQ",-0.093853,53.550699,1
125.6904,"DN331BS","DN33","1BS",-0.093986,53.54819,1
112.8645,"DN331BT","DN33","1BT",-0.095561,53.547748,1
222.0566,"DN331BW","DN33","1BW",-0.096921,53.550613,1
220.1202,"DN331DA","DN33","1DA",-0.096392,53.550623,1
205.7223,"DN331DB","DN33","1DB",-0.095556,53.55043,1
98.39883,"DN331DD","DN33","1DD",-0.098453,53.551806,1
108.5081,"DN331DE","DN33","1DE",-0.098512,53.551501,1
11.38111,"DN331DF","DN33","1DF",-0.099902,53.551925,1
39.54249,"DN331DG","DN33","1DG",-0.10047,53.551928,1
145.7385,"DN331DH","DN33","1DH",-0.099527,53.550735,1
178.7464,"DN331DJ","DN33","1DJ",-0.098042,53.550856,1
84.08153,"DN331DL","DN33","1DL",-0.100426,53.55134,1
230.2857,"DN331DN","DN33","1DN",-0.103218,53.551253,1
145.467,"DN331DP","DN33","1DP",-0.105132,53.550294,1
155.0187,"DN331DQ","DN33","1DQ",-0.100045,53.550636,1
145.2414,"DN331DR","DN33","1DR",-0.097857,53.549603,1
72.24828,"DN331DS","DN33","1DS",-0.095311,53.548816,1
195.6208,"DN331DT","DN33","1DT",-0.102337,53.551032,1
121.4963,"DN331DW","DN33","1DW",-0.098079,53.54904,1
270.7229,"DN331EA","DN33","1EA",-0.113172,53.548389,1
336.8624,"DN331EB","DN33","1EB",-0.113394,53.547809,1
395.6483,"DN331ED","DN33","1ED",-0.113322,53.546711,1
413.155,"DN331EE","DN33","1EE",-0.113957,53.547035,1
454.0745,"DN331EF","DN33","1EF",-0.114292,53.546636,1
260.6734,"DN331EG","DN33","1EG",-0.113767,53.548597,1
177.4981,"DN331EH","DN33","1EH",-0.112021,53.549171,1
136.8304,"DN331EJ","DN33","1EJ",-0.113577,53.549816,1
185.1656,"DN331EL","DN33","1EL",-0.111404,53.549126,1
109.1432,"DN331EN","DN33","1EN",-0.1134,53.550056,1
59.64978,"DN331EP","DN33","1EP",-0.111743,53.550318,1
209.683,"DN331EQ","DN33","1EQ",-0.113402,53.549004,1
90.51086,"DN331EU","DN33","1EU",-0.109763,53.548686,1
64.4313,"DN331EW","DN33","1EW",-0.112262,53.550182,1
151.0604,"DN331EX","DN33","1EX",-0.110537,53.548258,1
139.3238,"DN331EY","DN33","1EY",-0.110684,53.549006,1
52.67611,"DN331EZ","DN33","1EZ",-0.107017,53.549002,1
49.5401,"DN331HA","DN33","1HA",-0.107558,53.548373,1
218.0204,"DN331HB","DN33","1HB",-0.109735,53.546942,1
195.5231,"DN331HD","DN33","1HD",-0.109307,53.547061,1
126.4659,"DN331HE","DN33","1HE",-0.108226,53.547601,1
207.4393,"DN331HF","DN33","1HF",-0.110428,53.547312,1
163.5047,"DN331HG","DN33","1HG",-0.107978,53.546069,1
283.6159,"DN331HH","DN33","1HH",-0.110165,53.546103,1
295.4899,"DN331HJ","DN33","1HJ",-0.109702,53.545437,1
351.7589,"DN331HL","DN33","1HL",-0.110593,53.545301,1
308.6098,"DN331HN","DN33","1HN",-0.110832,53.546366,1
184.2911,"DN331HP","DN33","1HP",-0.110809,53.547903,1
232.1654,"DN331HQ","DN33","1HQ",-0.109218,53.546017,1
243.4516,"DN331HR","DN33","1HR",-0.111777,53.547864,1
313.0697,"DN331HS","DN33","1HS",-0.111471,53.546592,1
421.0437,"DN331HT","DN33","1HT",-0.112457,53.545816,1
386.0677,"DN331HU","DN33","1HU",-0.111023,53.545128,1
256.4994,"DN331HW","DN33","1HW",-0.110585,53.546829,1
380.3975,"DN331HX","DN33","1HX",-0.109669,53.544361,1
504.8857,"DN331HY","DN33","1HY",-0.113034,53.545052,1
492.0108,"DN331HZ","DN33","1HZ",-0.112112,53.544399,1
535.7189,"DN331JA","DN33","1JA",-0.112869,53.544348,1
546.0986,"DN331JB","DN33","1JB",-0.113441,53.544717,1
471.1396,"DN331JD","DN33","1JD",-0.113382,53.545705,1
391.4904,"DN331JE","DN33","1JE",-0.112882,53.546434,1
373.5962,"DN331JF","DN33","1JF",-0.113536,53.547334,1
281.6014,"DN331JG","DN33","1JG",-0.11241,53.547883,1
246.7892,"DN331JH","DN33","1JH",-0.108921,53.545571,1
306.4683,"DN331JQ","DN33","1JQ",-0.111982,53.546986,1
178.4267,"DN331JR","DN33","1JR",-0.104153,53.545532,1
182.0193,"DN331JS","DN33","1JS",-0.105374,53.545219,1
223.2722,"DN331JT","DN33","1JT",-0.10685,53.544954,1
136.5789,"DN331JU","DN33","1JU",-0.106065,53.545634,1
233.1837,"DN331JX","DN33","1JX",-0.108383,53.545446,1
297.8568,"DN331JY","DN33","1JY",-0.108785,53.544886,1
321.7136,"DN331JZ","DN33","1JZ",-0.108487,53.544468,1
313.9874,"DN331LA","DN33","1LA",-0.107456,53.544218,1
260.1104,"DN331LB","DN33","1LB",-0.105949,53.544509,1
259.8533,"DN331LD","DN33","1LD",-0.104739,53.544579,1
230.6614,"DN331LE","DN33","1LE",-0.104162,53.544984,1
325.3412,"DN331LF","DN33","1LF",-0.102534,53.544607,1
202.325,"DN331LG","DN33","1LG",-0.10347,53.545602,1
294.6639,"DN331LH","DN33","1LH",-0.102252,53.545169,1
302.1214,"DN331LJ","DN33","1LJ",-0.101271,53.546187,1
368.0211,"DN331LL","DN33","1LL",-0.100782,53.545299,1
345.8766,"DN331LN","DN33","1LN",-0.101238,53.545225,1
447.3987,"DN331LP","DN33","1LP",-0.100533,53.544249,1
253.9179,"DN331LQ","DN33","1LQ",-0.102074,53.546101,1
424.8091,"DN331LR","DN33","1LR",-0.101645,53.543883,1
359.2369,"DN331LS","DN33","1LS",-0.102659,53.544169,1
338.06,"DN331LT","DN33","1LT",-0.10595,53.543807,1
303.4253,"DN331LU","DN33","1LU",-0.105589,53.544116,1
402.7911,"DN331LW","DN33","1LW",-0.101199,53.544406,1
362.5517,"DN331LX","DN33","1LX",-0.108654,53.544093,1
521.9472,"DN331LY","DN33","1LY",-0.11166,53.5437,1
598.5447,"DN331LZ","DN33","1LZ",-0.113609,53.543991,1
500.0447,"DN331NA","DN33","1NA",-0.111736,53.544025,1
323.1952,"DN331NB","DN33","1NB",-0.108961,53.544673,1
269.884,"DN331ND","DN33","1ND",-0.107452,53.544649,1
206.9228,"DN331NH","DN33","1NH",-0.099066,53.549586,1
211.8892,"DN331NJ","DN33","1NJ",-0.099061,53.549676,1
115.3613,"DN331NL","DN33","1NL",-0.097735,53.549287,1
208.0772,"DN331NN","DN33","1NN",-0.099489,53.548883,1
307.0119,"DN331NP","DN33","1NP",-0.100979,53.548313,1
241.091,"DN331NR","DN33","1NR",-0.100008,53.548774,1
326.8985,"DN331NS","DN33","1NS",-0.101288,53.548165,1
328.8148,"DN331NT","DN33","1NT",-0.100495,53.546993,1
204.6096,"DN331NU","DN33","1NU",-0.098503,53.547312,1
143.2963,"DN331NW","DN33","1NW",-0.098531,53.548715,1
242.6668,"DN331NX","DN33","1NX",-0.098921,53.547076,1
317.2565,"DN331PA","DN33","1PA",-0.098622,53.546125,1
318.6747,"DN331PB","DN33","1PB",-0.09989,53.546687,1
334.8857,"DN331PD","DN33","1PD",-0.10064,53.546798,1
218.186,"DN331PE","DN33","1PE",-0.102483,53.546422,1
185.5015,"DN331PF","DN33","1PF",-0.104566,53.548451,1
109.5595,"DN331PG","DN33","1PG",-0.104872,53.545993,1
22.9723,"DN331PH","DN33","1PH",-0.105361,53.546855,1
48.02367,"DN331PJ","DN33","1PJ",-0.105864,53.546422,1
48.02367,"DN331PL","DN33","1PL",-0.105864,53.546422,1
35.50464,"DN331PN","DN33","1PN",-0.105824,53.54732,1
127.5926,"DN331PP","DN33","1PP",-0.105784,53.548219,1
28.27642,"DN331PQ","DN33","1PQ",-0.10596,53.547305,1
127.5926,"DN331PR","DN33","1PR",-0.105784,53.548219,1
102.2294,"DN331PS","DN33","1PS",-0.104355,53.546398,1
146.4062,"DN331PT","DN33","1PT",-0.103539,53.547113,1
102.2294,"DN331PU","DN33","1PU",-0.104355,53.546398,1
35.50464,"DN331PW","DN33","1PW",-0.105824,53.54732,1
197.5267,"DN331PX","DN33","1PX",-0.102807,53.547273,1
282.9975,"DN331PY","DN33","1PY",-0.101431,53.546981,1
201.368,"DN331PZ","DN33","1PZ",-0.102872,53.547507,1
176.7114,"DN331QA","DN33","1QA",-0.104275,53.548195,1
195.3273,"DN331QB","DN33","1QB",-0.103601,53.548076,1
230.9786,"DN331QD","DN33","1QD",-0.09975,53.548123,1
289.3214,"DN331QE","DN33","1QE",-0.10175,53.547957,1
252.4571,"DN331QG","DN33","1QG",-0.102297,53.547867,1
512.2182,"DN331QN","DN33","1QN",-0.124056,53.549747,1
307.6089,"DN331QR","DN33","1QR",-0.101196,53.547526,1
485.9248,"DN331QW","DN33","1QW",-0.124845,53.549661,1
569.4037,"DN331RB","DN33","1RB",-0.115606,53.545929,1
452.8037,"DN331RD","DN33","1RD",-0.115034,53.54704,1
530.2176,"DN331RE","DN33","1RE",-0.115912,53.546518,1
480.3342,"DN331RF","DN33","1RF",-0.115994,53.547058,1
430.5035,"DN331RG","DN33","1RG",-0.116074,53.547626,1
343.4196,"DN331RH","DN33","1RH",-0.115676,53.548438,1
644.0097,"DN331RJ","DN33","1RJ",-0.116054,53.545151,1
509.1651,"DN331RL","DN33","1RL",-0.114402,53.545865,1
719.8533,"DN331RN","DN33","1RN",-0.117319,53.544418,1
690.3946,"DN331RP","DN33","1RP",-0.116895,53.545122,1
404.1533,"DN331RQ","DN33","1RQ",-0.116312,53.548043,1
684.1723,"DN331RR","DN33","1RR",-0.117891,53.544445,1
678.9062,"DN331RS","DN33","1RS",-0.118488,53.545282,1
713.8466,"DN331RT","DN33","1RT",-0.117497,53.545149,1
702.432,"DN331RU","DN33","1RU",-0.117893,53.545407,1
623.2294,"DN331RW","DN33","1RW",-0.11707,53.545943,1
635.6849,"DN331RX","DN33","1RX",-0.116614,53.545666,1
568.6359,"DN331RY","DN33","1RY",-0.115591,53.545928,1
47.26211,"DN331SA","DN33","1SA",-0.105011,53.546939,1
190.3946,"DN331SB","DN33","1SB",-0.103385,53.547857,1
188.8005,"DN331WZ","DN33","1WZ",-0.103415,53.547857,1
87.59277,"DN331XA","DN33","1XA",-0.10689,53.547778,1
87.59277,"DN331XB","DN33","1XB",-0.10689,53.547778,1
87.59277,"DN331XE","DN33","1XE",-0.10689,53.547778,1
290.7159,"DN331XF","DN33","1XF",-0.077376,53.572173,1
77.10006,"DN332AA","DN33","2AA",-0.090952,53.549421,1
121.1335,"DN332AB","DN33","2AB",-0.092105,53.550959,1
148.2316,"DN332AD","DN33","2AD",-0.092949,53.550649,1
124.5296,"DN332AE","DN33","2AE",-0.091042,53.547742,1
51.90361,"DN332AF","DN33","2AF",-0.090174,53.548249,1
103.4963,"DN332AG","DN33","2AG",-0.090616,53.547834,1
96.06611,"DN332AH","DN33","2AH",-0.089908,53.54713,1
136.9526,"DN332AJ","DN33","2AJ",-0.090939,53.546793,1
15.98281,"DN332AL","DN33","2AL",-0.08881,53.546366,1
150.0707,"DN332AN","DN33","2AN",-0.091031,53.545979,1
78.57228,"DN332AP","DN33","2AP",-0.089153,53.545797,1
94.6374,"DN332AQ","DN33","2AQ",-0.089279,53.548019,1
173.577,"DN332AR","DN33","2AR",-0.088208,53.54499,1
221.318,"DN332AS","DN33","2AS",-0.091268,53.545066,1
193.2719,"DN332AT","DN33","2AT",-0.090084,53.544894,1
224.8087,"DN332AU","DN33","2AU",-0.090247,53.544627,1
113.7134,"DN332AW","DN33","2AW",-0.090062,53.545721,1
232.0955,"DN332AX","DN33","2AX",-0.092162,53.545674,1
263.5464,"DN332AY","DN33","2AY",-0.0928,53.545918,1
252.066,"DN332AZ","DN33","2AZ",-0.092736,53.546339,1
421.0219,"DN332BA","DN33","2BA",-0.096229,53.544858,1
246.2908,"DN332BB","DN33","2BB",-0.092645,53.54667,1
186.6742,"DN332BD","DN33","2BD",-0.09275,53.547355,1
129.6987,"DN332BE","DN33","2BE",-0.092788,53.547868,1
420.1566,"DN332BF","DN33","2BF",-0.096213,53.544866,1
170.7201,"DN332BG","DN33","2BG",-0.091956,53.547567,1
550.1989,"DN332BH","DN33","2BH",-0.094524,53.542826,1
382.3733,"DN332BJ","DN33","2BJ",-0.09182,53.526754,0
491.9594,"DN332BP","DN33","2BP",-0.092867,53.542736,1
570.84,"DN332BQ","DN33","2BQ",-0.095086,53.542394,1
353.5708,"DN332BS","DN33","2BS",-0.092621,53.544189,1
277.573,"DN332BT","DN33","2BT",-0.09149,53.544512,1
441.8622,"DN332BU","DN33","2BU",-0.091684,53.54287,1
416.6717,"DN332BX","DN33","2BX",-0.091185,53.541891,1
368.0528,"DN332BY","DN33","2BY",-0.090297,53.541509,1
391.9916,"DN332BZ","DN33","2BZ",-0.089816,53.541798,1
422.2655,"DN332DA","DN33","2DA",-0.090779,53.542856,1
314.2053,"DN332DB","DN33","2DB",-0.090105,53.543753,1
272.5014,"DN332DD","DN33","2DD",-0.090297,53.544179,1
232.536,"DN332DE","DN33","2DE",-0.089125,53.544403,1
250.1115,"DN332DF","DN33","2DF",-0.087708,53.544362,1
321.0145,"DN332DG","DN33","2DG",-0.08751,53.54373,1
357.1865,"DN332DH","DN33","2DH",-0.087876,53.541641,1
442.8486,"DN332DJ","DN33","2DJ",-0.088627,53.542399,1
408.2564,"DN332DL","DN33","2DL",-0.089497,53.542835,1
403.2545,"DN332DN","DN33","2DN",-0.088764,53.542033,1
287.533,"DN332DP","DN33","2DP",-0.090344,53.540781,1
372.241,"DN332DQ","DN33","2DQ",-0.088169,53.543174,1
521.1606,"DN332DU","DN33","2DU",-0.095421,53.541662,1
259.7147,"DN332DW","DN33","2DW",-0.089416,53.540623,1
521.1606,"DN332DZ","DN33","2DZ",-0.095421,53.541662,1
298.4607,"DN332EA","DN33","2EA",-0.092088,53.540611,1
285.8084,"DN332EB","DN33","2EB",-0.093249,53.539965,1
230.9841,"DN332EE","DN33","2EE",-0.093419,53.538862,1
148.0524,"DN332EF","DN33","2EF",-0.090447,53.539515,1
170.3118,"DN332EH","DN33","2EH",-0.092444,53.538844,1
111.5493,"DN332EJ","DN33","2EJ",-0.091554,53.538715,1
126.7777,"DN332EL","DN33","2EL",-0.091996,53.538396,1
148.4696,"DN332EN","DN33","2EN",-0.092353,53.538186,1
100.5712,"DN332EP","DN33","2EP",-0.091214,53.537226,1
88.85446,"DN332ER","DN33","2ER",-0.091015,53.53761,1
298.3957,"DN332ES","DN33","2ES",-0.082379,53.537714,0
92.19681,"DN332ET","DN33","2ET",-0.0915,53.538238,1
44.59685,"DN332EU","DN33","2EU",-0.090652,53.537963,1
137.187,"DN332EW","DN33","2EW",-0.091846,53.537387,1
110.6747,"DN332EX","DN33","2EX",-0.089286,53.539146,1
16.92681,"DN332EY","DN33","2EY",-0.089711,53.538083,0
70.10266,"DN332EZ","DN33","2EZ",-0.090651,53.537658,1
243.7916,"DN332FB","DN33","2FB",-0.08409,53.539243,1
39.78976,"DN332HA","DN33","2HA",-0.087281,53.538089,0
106.3132,"DN332HB","DN33","2HB",-0.08847,53.537506,0
64.23941,"DN332HD","DN33","2HD",-0.085958,53.537978,0
147.2604,"DN332HE","DN33","2HE",-0.086265,53.539215,1
179.5371,"DN332HF","DN33","2HF",-0.087842,53.54004,1
162.0476,"DN332HG","DN33","2HG",-0.08445,53.537954,0
262.2778,"DN332HH","DN33","2HH",-0.083111,53.538535,1
297.2964,"DN332HJ","DN33","2HJ",-0.082446,53.538228,1
241.4495,"DN332HL","DN33","2HL",-0.083275,53.537252,0
287.238,"DN332HN","DN33","2HN",-0.082547,53.537321,0
41.89188,"DN332HP","DN33","2HP",-0.090216,53.536923,0
178.8866,"DN332HQ","DN33","2HQ",-0.08437,53.538402,1
76.77593,"DN332HR","DN33","2HR",-0.089383,53.535983,0
12.52294,"DN332HS","DN33","2HS",-0.086567,53.536199,0
72.43147,"DN332HT","DN33","2HT",-0.085902,53.535559,0
175.8739,"DN332HU","DN33","2HU",-0.088665,53.535181,0
386.2607,"DN332HW","DN33","2HW",-0.080833,53.537177,0
223.0989,"DN332HX","DN33","2HX",-0.089157,53.53464,0
79.58197,"DN332HY","DN33","2HY",-0.090371,53.535837,1
178.7743,"DN332HZ","DN33","2HZ",-0.085865,53.53937,1
236.8823,"DN332JA","DN33","2JA",-0.088932,53.533612,0
181.1241,"DN332JB","DN33","2JB",-0.083784,53.535669,0
264.117,"DN332JG","DN33","2JG",-0.088032,53.53349,0
207.8182,"DN332JH","DN33","2JH",-0.087941,53.534504,0
169.9248,"DN332JJ","DN33","2JJ",-0.087014,53.534651,0
183.1806,"DN332JL","DN33","2JL",-0.086508,53.53449,0
95.22116,"DN332JN","DN33","2JN",-0.086412,53.53528,0
298.4142,"DN332JP","DN33","2JP",-0.084735,53.533644,0
255.6232,"DN332JQ","DN33","2JQ",-0.089581,53.534278,0
398.4113,"DN332JR","DN33","2JR",-0.08362,53.53296,0
319.6426,"DN332JS","DN33","2JS",-0.085247,53.533346,0
308.0497,"DN332JT","DN33","2JT",-0.084877,53.53352,0
315.7856,"DN332JU","DN33","2JU",-0.086516,53.53298,0
266.9499,"DN332JW","DN33","2JW",-0.084262,53.534103,0
448.1247,"DN332JX","DN33","2JX",-0.084252,53.530975,0
609.9777,"DN332JY","DN33","2JY",-0.082556,53.529455,0
722.5924,"DN332JZ","DN33","2JZ",-0.081155,53.528855,0
741.3816,"DN332LA","DN33","2LA",-0.081308,53.528348,0
674.1097,"DN332LB","DN33","2LB",-0.082421,53.528437,0
634.5491,"DN332LD","DN33","2LD",-0.083087,53.528491,0
608.6721,"DN332LE","DN33","2LE",-0.083377,53.52865,0
489.7293,"DN332LF","DN33","2LF",-0.084162,53.529966,0
278.339,"DN332LG","DN33","2LG",-0.086704,53.532147,0
149.4954,"DN332LH","DN33","2LH",-0.088624,53.531728,0
120.5018,"DN332LJ","DN33","2LJ",-0.08945,53.532496,0
153.096,"DN332LL","DN33","2LL",-0.089006,53.532633,0
199.0071,"DN332LN","DN33","2LN",-0.088191,53.532629,0
371.4046,"DN332LP","DN33","2LP",-0.091412,53.527116,0
195.0868,"DN332LQ","DN33","2LQ",-0.088068,53.532357,0
290.7159,"DN332LT","DN33","2LT",-0.077376,53.572173,1
131.0754,"DN332LW","DN33","2LW",-0.090155,53.532921,0
223.4149,"DN332LX","DN33","2LX",-0.093476,53.537919,1
153.3417,"DN332LY","DN33","2LY",-0.093004,53.537354,1
122.5178,"DN332LZ","DN33","2LZ",-0.092186,53.532711,1
151.634,"DN332NA","DN33","2NA",-0.092856,53.534924,1
34.33749,"DN332NB","DN33","2NB",-0.091731,53.536452,1
136.53,"DN332ND","DN33","2ND",-0.091996,53.534928,1
199.1856,"DN332NE","DN33","2NE",-0.090502,53.533601,1
96.39134,"DN332NF","DN33","2NF",-0.091314,53.532652,1
165.5286,"DN332NG","DN33","2NG",-0.092191,53.530257,1
175.335,"DN332NH","DN33","2NH",-0.09369,53.530811,1
70.11718,"DN332NJ","DN33","2NJ",-0.09253,53.531781,1
35.10024,"DN332NL","DN33","2NL",-0.0906,53.532092,1
133.5466,"DN332NN","DN33","2NN",-0.089066,53.531295,0
237.7972,"DN332NP","DN33","2NP",-0.087572,53.530983,0
194.5391,"DN332NQ","DN33","2NQ",-0.092582,53.529625,1
113.9086,"DN332NR","DN33","2NR",-0.090278,53.530864,1
379.7783,"DN332NS","DN33","2NS",-0.090126,53.528201,0
214.2387,"DN332NT","DN33","2NT",-0.089008,53.530251,0
264.9545,"DN332NU","DN33","2NU",-0.088125,53.530093,0
147.5437,"DN332NW","DN33","2NW",-0.089156,53.530981,0
306.3552,"DN332NX","DN33","2NX",-0.087342,53.530044,0
62.89918,"DN332NY","DN33","2NY",-0.091191,53.531146,1
280.0452,"DN332PA","DN33","2PA",-0.086974,53.530848,0
328.1601,"DN332PB","DN33","2PB",-0.08627,53.530728,0
453.4398,"DN332PD","DN33","2PD",-0.085224,53.529516,0
537.4565,"DN332PE","DN33","2PE",-0.085277,53.528321,0
472.8787,"DN332PF","DN33","2PF",-0.087047,53.528233,0
433.9704,"DN332PG","DN33","2PG",-0.088985,53.528075,0
411.5739,"DN332PH","DN33","2PH",-0.086815,53.52902,0
243.1324,"DN332PJ","DN33","2PJ",-0.089389,53.529825,0
292.197,"DN332PL","DN33","2PL",-0.089899,53.529231,0
179.0264,"DN332PN","DN33","2PN",-0.090123,53.530278,0
290.7159,"DN332PP","DN33","2PP",-0.077376,53.572173,1
365.2533,"DN332PQ","DN33","2PQ",-0.088222,53.528944,0
363.5755,"DN332PR","DN33","2PR",-0.093177,53.526443,0
68.13128,"DN332PS","DN33","2PS",-0.089044,53.53783,0
290.7159,"DN332PT","DN33","2PT",-0.077376,53.572173,1
290.7159,"DN332PU","DN33","2PU",-0.077376,53.572173,1
242.2746,"DN332PW","DN33","2PW",-0.089633,53.529775,0
201.6776,"DN332PX","DN33","2PX",-0.092984,53.528382,0
294.7656,"DN332PY","DN33","2PY",-0.091551,53.528177,0
241.0879,"DN332PZ","DN33","2PZ",-0.092449,53.52822,0
188.7832,"DN332QA","DN33","2QA",-0.093662,53.537472,1
227.5555,"DN332QB","DN33","2QB",-0.093157,53.527908,0
159.4009,"DN332QD","DN33","2QD",-0.093113,53.529211,1
199.2574,"DN332QE","DN33","2QE",-0.089603,53.534791,0
164.4112,"DN332QF","DN33","2QF",-0.093056,53.529138,1
164.4112,"DN332QG","DN33","2QG",-0.093056,53.529138,1
68.13128,"DN332QH","DN33","2QH",-0.089044,53.53783,0
68.13128,"DN332QJ","DN33","2QJ",-0.089044,53.53783,0
68.13128,"DN332QL","DN33","2QL",-0.089044,53.53783,0
68.13128,"DN332QN","DN33","2QN",-0.089044,53.53783,0
290.7159,"DN332WA","DN33","2WA",-0.077376,53.572173,1
289.8604,"DN332WB","DN33","2WB",-0.077361,53.572172,1
202.0761,"DN332WX","DN33","2WX",-0.089953,53.534734,0
202.0761,"DN332WY","DN33","2WY",-0.089953,53.534734,0
202.0761,"DN332WZ","DN33","2WZ",-0.089953,53.534734,0
290.7159,"DN332YA","DN33","2YA",-0.077376,53.572173,1
290.7159,"DN332YB","DN33","2YB",-0.077376,53.572173,1
290.7159,"DN332YD","DN33","2YD",-0.077376,53.572173,1
290.7159,"DN332YY","DN33","2YY",-0.077376,53.572173,1
290.7159,"DN332ZW","DN33","2ZW",-0.077376,53.572173,1
184.2695,"DN333AA","DN33","3AA",-0.09421,53.532671,1
161.3253,"DN333AB","DN33","3AB",-0.093846,53.532045,1
132.3781,"DN333AD","DN33","3AD",-0.092642,53.532655,1
188.0093,"DN333AE","DN33","3AE",-0.095395,53.533176,1
245.0084,"DN333AF","DN33","3AF",-0.094002,53.533935,1
243.6641,"DN333AG","DN33","3AG",-0.093862,53.533358,1
113.1809,"DN333AH","DN33","3AH",-0.094371,53.535137,1
60.33571,"DN333AJ","DN33","3AJ",-0.095756,53.535555,1
133.7316,"DN333AL","DN33","3AL",-0.096443,53.535035,1
156.5095,"DN333AN","DN33","3AN",-0.095451,53.534606,1
202.0186,"DN333AP","DN33","3AP",-0.095077,53.534195,1
198.349,"DN333AQ","DN33","3AQ",-0.093414,53.5346,1
171.787,"DN333AR","DN33","3AR",-0.097123,53.533994,1
103.2938,"DN333AS","DN33","3AS",-0.098223,53.53403,1
125.6809,"DN333AT","DN33","3AT",-0.097689,53.534498,1
46.48705,"DN333AU","DN33","3AU",-0.095713,53.531805,1
175.6233,"DN333AW","DN33","3AW",-0.096934,53.534522,1
78.83538,"DN333AX","DN33","3AX",-0.095156,53.531778,1
362.3618,"DN333AY","DN33","3AY",-0.10504,53.53412,1
306.0559,"DN333AZ","DN33","3AZ",-0.103801,53.535626,0
450.6973,"DN333BA","DN33","3BA",-0.106294,53.533735,1
309.6795,"DN333BB","DN33","3BB",-0.104056,53.535324,0
303.693,"DN333BD","DN33","3BD",-0.094491,53.526742,0
341.001,"DN333BE","DN33","3BE",-0.093594,53.526557,0
331.2272,"DN333BF","DN33","3BF",-0.104498,53.533875,1
345.8228,"DN333BG","DN33","3BG",-0.095009,53.52631,0
201.3339,"DN333BH","DN33","3BH",-0.095886,53.52761,0
243.5999,"DN333BJ","DN33","3BJ",-0.096653,53.527325,0
318.5587,"DN333BL","DN33","3BL",-0.097312,53.526751,0
211.5707,"DN333BN","DN33","3BN",-0.097737,53.528044,0
354.7668,"DN333BP","DN33","3BP",-0.099154,53.527068,0
391.5098,"DN333BQ","DN33","3BQ",-0.096624,53.525949,0
367.2833,"DN333BS","DN33","3BS",-0.098821,53.526757,0
491.5714,"DN333BT","DN33","3BT",-0.100626,53.526202,0
453.6388,"DN333BU","DN33","3BU",-0.100605,53.526678,0
265.594,"DN333BW","DN33","3BW",-0.097646,53.527386,0
522.1718,"DN333BX","DN33","3BX",-0.101553,53.526387,0
603.9969,"DN333BY","DN33","3BY",-0.103598,53.526887,0
564.6038,"DN333BZ","DN33","3BZ",-0.102818,53.526785,0
472.7944,"DN333DA","DN33","3DA",-0.101766,53.527353,0
534.36,"DN333DB","DN33","3DB",-0.102347,53.526849,0
500.387,"DN333DD","DN33","3DD",-0.102148,53.527251,0
355.6104,"DN333DE","DN33","3DE",-0.099536,53.52729,0
397.865,"DN333DF","DN33","3DF",-0.100395,53.527322,0
296.1053,"DN333DG","DN33","3DG",-0.099192,53.527896,0
442.9906,"DN333DH","DN33","3DH",-0.094927,53.525437,0
449.5,"DN333DJ","DN33","3DJ",-0.095428,53.525364,0
396.2668,"DN333DL","DN33","3DL",-0.095603,53.525843,0
380.1337,"DN333DN","DN33","3DN",-0.094417,53.526049,0
96.00977,"DN333DP","DN33","3DP",-0.094776,53.530154,1
423.7784,"DN333DQ","DN33","3DQ",-0.095116,53.525602,0
95.10774,"DN333DR","DN33","3DR",-0.094291,53.529868,1
135.1951,"DN333DS","DN33","3DS",-0.09451,53.528343,0
261.9414,"DN333DT","DN33","3DT",-0.093681,53.527314,0
84.98193,"DN333DU","DN33","3DU",-0.096535,53.528951,1
333.5858,"DN333DW","DN33","3DW",-0.10462,53.534734,0
127.4115,"DN333DX","DN33","3DX",-0.097199,53.52995,1
181.0323,"DN333DY","DN33","3DY",-0.098238,53.529328,1
186.5746,"DN333DZ","DN33","3DZ",-0.09781,53.52844,0
231.1501,"DN333EA","DN33","3EA",-0.098983,53.529205,1
188.4686,"DN333EB","DN33","3EB",-0.098085,53.528688,0
269.1623,"DN333ED","DN33","3ED",-0.099342,53.5286,0
297.0448,"DN333EE","DN33","3EE",-0.100223,53.529477,1
246.7994,"DN333EF","DN33","3EF",-0.099943,53.529994,1
426.4282,"DN333EG","DN33","3EG",-0.102114,53.529021,1
582.1077,"DN333EH","DN33","3EH",-0.103985,53.527999,0
458.1849,"DN333EJ","DN33","3EJ",-0.102177,53.528294,0
349.9024,"DN333EL","DN33","3EL",-0.1004,53.528212,0
238.2329,"DN333EN","DN33","3EN",-0.102608,53.535652,1
446.9035,"DN333EQ","DN33","3EQ",-0.102132,53.528617,0
368.8194,"DN333EU","DN33","3EU",-0.102658,53.531709,1
399.9521,"DN333EX","DN33","3EX",-0.102924,53.531165,1
471.2386,"DN333EY","DN33","3EY",-0.10482,53.531599,1
620.0478,"DN333EZ","DN33","3EZ",-0.106744,53.530872,1
632.2638,"DN333GA","DN33","3GA",-0.112677,53.542907,0
639.829,"DN333GB","DN33","3GB",-0.113196,53.543113,0
639.1756,"DN333GE","DN33","3GE",-0.112046,53.542501,0
721.0977,"DN333GH","DN33","3GH",-0.1129,53.541966,0
673.5743,"DN333GL","DN33","3GL",-0.111901,53.542032,0
585.7593,"DN333GN","DN33","3GN",-0.111782,53.543001,1
643.1691,"DN333HA","DN33","3HA",-0.106728,53.530548,1
629.6369,"DN333HB","DN33","3HB",-0.105827,53.529323,1
589.0302,"DN333HD","DN33","3HD",-0.105036,53.529131,1
590.2913,"DN333HE","DN33","3HE",-0.105812,53.530671,1
553.7889,"DN333HF","DN33","3HF",-0.105169,53.530553,1
504.7839,"DN333HG","DN33","3HG",-0.104478,53.53083,1
406.5828,"DN333HH","DN33","3HH",-0.103653,53.531734,1
303.5709,"DN333HJ","DN33","3HJ",-0.100997,53.530055,1
339.1336,"DN333HL","DN33","3HL",-0.101414,53.529837,1
480.5472,"DN333HN","DN33","3HN",-0.103497,53.529475,1
367.9526,"DN333HP","DN33","3HP",-0.101825,53.529745,1
458.9147,"DN333HQ","DN33","3HQ",-0.103815,53.531134,1
297.5172,"DN333HR","DN33","3HR",-0.101348,53.53096,1
244.3426,"DN333HS","DN33","3HS",-0.100329,53.530476,1
156.7821,"DN333HT","DN33","3HT",-0.099242,53.531169,1
215.1209,"DN333HU","DN33","3HU",-0.099959,53.530641,1
465.7375,"DN333HW","DN33","3HW",-0.10291,53.529097,1
51.34605,"DN333JE","DN33","3JE",-0.094485,53.535948,1
61.25886,"DN333JF","DN33","3JF",-0.094601,53.536399,1
125.1976,"DN333JG","DN33","3JG",-0.09682,53.535374,1
48.23033,"DN333JH","DN33","3JH",-0.10032,53.534492,1
62.82618,"DN333JJ","DN33","3JJ",-0.100511,53.534621,1
216.5632,"DN333JL","DN33","3JL",-0.10023,53.53639,1
212.4083,"DN333JN","DN33","3JN",-0.100703,53.536272,1
231.195,"DN333JP","DN33","3JP",-0.10126,53.536307,1
77.58351,"DN333JQ","DN33","3JQ",-0.09858,53.534835,1
273.6892,"DN333JR","DN33","3JR",-0.101807,53.536559,1
128.0412,"DN333JS","DN33","3JS",-0.100773,53.535392,1
183.5454,"DN333JT","DN33","3JT",-0.102365,53.534554,1
217.9938,"DN333JU","DN33","3JU",-0.102872,53.534679,1
374.4313,"DN333JW","DN33","3JW",-0.101066,53.537731,1
303.7511,"DN333JX","DN33","3JX",-0.103805,53.53339,1
251.3556,"DN333JY","DN33","3JY",-0.102901,53.533367,1
153.4741,"DN333JZ","DN33","3JZ",-0.101905,53.534367,1
153.2791,"DN333LA","DN33","3LA",-0.101784,53.534032,1
152.4547,"DN333LB","DN33","3LB",-0.10156,53.533766,1
318.5435,"DN333LD","DN33","3LD",-0.103485,53.532792,1
440.9381,"DN333LE","DN33","3LE",-0.105331,53.532459,1
377.3491,"DN333LF","DN33","3LF",-0.10349,53.532001,1
216.4655,"DN333LG","DN33","3LG",-0.101931,53.533118,1
235.6215,"DN333LH","DN33","3LH",-0.099976,53.532304,1
132.1524,"DN333LJ","DN33","3LJ",-0.100751,53.533512,1
267.9723,"DN333LL","DN33","3LL",-0.100646,53.532153,1
281.3374,"DN333LN","DN33","3LN",-0.101339,53.532173,1
248.562,"DN333LP","DN33","3LP",-0.101933,53.532731,1
70.46291,"DN333LQ","DN33","3LQ",-0.100248,53.533981,1
485.2272,"DN333LR","DN33","3LR",-0.106309,53.53272,1
521.9144,"DN333LS","DN33","3LS",-0.107096,53.53302,1
117.9511,"DN333LT","DN33","3LT",-0.098543,53.533621,1
189.4658,"DN333LU","DN33","3LU",-0.097872,53.533116,1
232.3758,"DN333LW","DN33","3LW",-0.101258,53.53264,1
241.7575,"DN333LY","DN33","3LY",-0.095668,53.538169,1
284.1944,"DN333LZ","DN33","3LZ",-0.094149,53.539071,1
399.0438,"DN333NA","DN33","3NA",-0.095552,53.53975,1
379.1105,"DN333NB","DN33","3NB",-0.09492,53.540054,1
377.6771,"DN333ND","DN33","3ND",-0.09637,53.53934,1
245.0405,"DN333NE","DN33","3NE",-0.094612,53.538179,1
273.4521,"DN333NF","DN33","3NF",-0.095142,53.538467,1
222.7641,"DN333NG","DN33","3NG",-0.09807,53.537111,1
269.2251,"DN333NH","DN33","3NH",-0.098056,53.537767,1
430.6591,"DN333NJ","DN33","3NJ",-0.099188,53.539097,1
358.244,"DN333NL","DN33","3NL",-0.098903,53.538392,1
311.7396,"DN333NN","DN33","3NN",-0.096687,53.53868,1
442.7884,"DN333NP","DN33","3NP",-0.097956,53.539653,1
244.0949,"DN333NQ","DN33","3NQ",-0.097931,53.537522,1
551.7725,"DN333NR","DN33","3NR",-0.099013,53.54044,1
570.2245,"DN333NS","DN33","3NS",-0.099647,53.540423,1
465.9024,"DN333NT","DN33","3NT",-0.095547,53.540864,1
446.3821,"DN333NU","DN33","3NU",-0.095624,53.540515,1
307.4952,"DN333NW","DN33","3NW",-0.09736,53.538475,1
551.1288,"DN333NX","DN33","3NX",-0.100112,53.540038,1
263.3482,"DN333PA","DN33","3PA",-0.094017,53.538655,1
498.3013,"DN333PB","DN33","3PB",-0.105874,53.532003,1
555.3773,"DN333PD","DN33","3PD",-0.106508,53.531644,1
596.8732,"DN333PE","DN33","3PE",-0.107436,53.531821,1
577.9697,"DN333PF","DN33","3PF",-0.107521,53.532289,1
500.2575,"DN333PH","DN33","3PH",-0.105502,53.53167,1
241.7575,"DN333QA","DN33","3QA",-0.095668,53.538169,1
574.4055,"DN333RA","DN33","3RA",-0.101795,53.542231,1
541.8459,"DN333RB","DN33","3RB",-0.101657,53.542607,1
666.6365,"DN333RD","DN33","3RD",-0.098563,53.542611,1
605.4731,"DN333RE","DN33","3RE",-0.098806,53.543262,1
561.8847,"DN333RF","DN33","3RF",-0.099825,53.543195,1
564.0725,"DN333RG","DN33","3RG",-0.099059,53.543662,1
501.4238,"DN333RH","DN33","3RH",-0.099798,53.544015,1
509.5712,"DN333RJ","DN33","3RJ",-0.100996,53.543216,1
447.8802,"DN333RL","DN33","3RL",-0.102701,53.543234,1
441.6916,"DN333RN","DN33","3RN",-0.104055,53.542995,1
460.6939,"DN333RP","DN33","3RP",-0.104533,53.54276,1
466.5888,"DN333RQ","DN33","3RQ",-0.105126,53.542662,1
426.9973,"DN333RR","DN33","3RR",-0.106664,53.543046,1
460.9061,"DN333RS","DN33","3RS",-0.105773,53.542699,1
241.7575,"DN333RT","DN33","3RT",-0.095668,53.538169,1
530.3449,"DN333RU","DN33","3RU",-0.105575,53.542075,1
612.14,"DN333RW","DN33","3RW",-0.101475,53.541947,1
658.1533,"DN333RX","DN33","3RX",-0.101588,53.541455,1
691.1944,"DN333RY","DN33","3RY",-0.100179,53.541567,1
541.4607,"DN333RZ","DN33","3RZ",-0.1093,53.542467,1
739.2961,"DN333SA","DN33","3SA",-0.105573,53.540098,1
647.2415,"DN333SB","DN33","3SB",-0.105305,53.541028,1
729.6271,"DN333SD","DN33","3SD",-0.105086,53.540171,1
641.5583,"DN333SE","DN33","3SE",-0.104773,53.541101,1
681.4074,"DN333SF","DN33","3SF",-0.104774,53.540741,1
714.1244,"DN333SG","DN33","3SG",-0.10413,53.540308,1
661.9748,"DN333SH","DN33","3SH",-0.103903,53.540988,1
616.4114,"DN333SJ","DN33","3SJ",-0.103639,53.539474,1
642.6715,"DN333SL","DN33","3SL",-0.101343,53.540516,1
612.8693,"DN333SN","DN33","3SN",-0.100343,53.540617,1
567.9796,"DN333SP","DN33","3SP",-0.103773,53.541867,1
694.1039,"DN333SQ","DN33","3SQ",-0.100181,53.541522,1
552.2043,"DN333SR","DN33","3SR",-0.106533,53.541902,1
483.4492,"DN333SS","DN33","3SS",-0.109705,53.543202,1
574.2656,"DN333SU","DN33","3SU",-0.108119,53.541882,1
643.3261,"DN333SW","DN33","3SW",-0.110616,53.541847,1
434.4699,"DN333SX","DN33","3SX",-0.108404,53.54328,1
597.7377,"DN333SY","DN33","3SY",-0.109444,53.541948,1
494.8358,"DN333SZ","DN33","3SZ",-0.108056,53.542618,1
637.2642,"DN333TA","DN33","3TA",-0.103966,53.539587,1
659.025,"DN333TB","DN33","3TB",-0.104445,53.539657,1
588.5504,"DN333TD","DN33","3TD",-0.105202,53.53859,1
667.6978,"DN333TE","DN33","3TE",-0.105793,53.53922,1
507.3132,"DN333TF","DN33","3TF",-0.100878,53.539115,1
521.6698,"DN333TG","DN33","3TG",-0.103039,53.5387,1
561.8377,"DN333TH","DN33","3TH",-0.103266,53.539036,1
656.2638,"DN333TJ","DN33","3TJ",-0.105168,53.539363,1
555.7803,"DN333TL","DN33","3TL",-0.105334,53.538131,0
547.7794,"DN333TN","DN33","3TN",-0.10554,53.53791,0
491.1065,"DN333TP","DN33","3TP",-0.103559,53.538214,0
548.7378,"DN333TQ","DN33","3TQ",-0.101793,53.539238,1
535.0667,"DN333TR","DN33","3TR",-0.104106,53.538474,0
513.0789,"DN333TS","DN33","3TS",-0.101489,53.538954,1
584.0554,"DN333TU","DN33","3TU",-0.10167,53.539622,1
572.0107,"DN333TW","DN33","3TW",-0.101135,53.539784,1
564.3351,"DN333TX","DN33","3TX",-0.101999,53.539349,1
290.7159,"DN333WW","DN33","3WW",-0.077376,53.572173,1
290.7159,"DN333WX","DN33","3WX",-0.077376,53.572173,1
551.222,"DN333WY","DN33","3WY",-0.106518,53.54191,1
551.8326,"DN333WZ","DN33","3WZ",-0.106804,53.541924,1
290.7159,"DN333XZ","DN33","3XZ",-0.077376,53.572173,1
110.9814,"DN333YA","DN33","3YA",-0.09903,53.533539,1
241.7575,"DN333YB","DN33","3YB",-0.095668,53.538169,1
160.883,"DN333YD","DN33","3YD",-0.098975,53.53308,1
160.883,"DN333YE","DN33","3YE",-0.098975,53.53308,1
160.883,"DN333YF","DN33","3YF",-0.098975,53.53308,1
160.883,"DN333YG","DN33","3YG",-0.098975,53.53308,1
694.1039,"DN333YH","DN33","3YH",-0.100181,53.541522,1
290.7159,"DN333YJ","DN33","3YJ",-0.077376,53.572173,1
290.7159,"DN333YL","DN33","3YL",-0.077376,53.572173,1
290.7159,"DN333YZ","DN33","3YZ",-0.077376,53.572173,1
