"X","postcode","lsoa","id_greenspace","greenspace_description","nearest_greenspace_area_m2","nearest_greenspace_distance_m","greenspace_count_1000_m_radius","greenspace_area_sum_1000_m_radius","lsoa_population_per_pcd","distance_category","lsoa_mean_nearest_greenspace_distance_m","lsoa_mean_nearest_greenspace_area_m2","lsoa_mean_greenspace_count_1000_m_radius","lsoa_mean_greenspace_area_sum_1000_m_radius","popbypark","pcds","pcd_start","pcd_end","pcd_nospace"
1207,"DD77DG","S01007164","9E891077-EF45-2C71-E053-A03BA40A7146","Playing Field",30448.7756000024,177.56407,6,169979,23.7916666666667,"Less than or equal to 300m",196.486049545455,36733.3183000002,5.45454545454545,153581.545454545,1896.13645996646,"DD7 7DG","DD7","7DG","DD77DG"
7142,"DD77DA","S01007163","9E891077-EF45-2C71-E053-A03BA40A7146","Playing Field",30448.7756000024,225.36415,6,169979,24.4864864864865,"Less than or equal to 300m",186.544457305556,47512.1071986111,5.72222222222222,163924.388888889,1896.13645996646,"DD7 7DA","DD7","7DA","DD77DA"
7143,"DD77DF","S01007160","9E891077-ECFF-2C71-E053-A03BA40A7146","Playing Field",30062.0715000107,381.92276,4,143090,33.44,"300-600m",263.133091272727,29752.1120704638,4.31818181818182,140582.681818182,3851.68948051948,"DD7 7DF","DD7","7DF","DD77DF"
12133,"DD76EU","S01007167","9E891077-EC32-2C71-E053-A03BA40A7146","Playing Field",21971.5947500013,496.48767,4,117834,35.4545454545455,"300-600m",760.808140952381,21455.2648404773,3.38095238095238,98429.7619047619,2245.31161616162,"DD7 6EU","DD7","6EU","DD76EU"
12134,"DD77EW","S01007159","9E891077-ECFF-2C71-E053-A03BA40A7146","Playing Field",30062.0715000107,421.26715,5,148008,24.1590909090909,"300-600m",309.52626435,30071.7391025104,3.9,131365.5,3851.68948051948,"DD7 7EW","DD7","7EW","DD77EW"
35555,"DD76HN","S01007169","9E8910C4-B66D-2C71-E053-A03BA40A7146","Public Park Or Garden",60496.9558499981,138.10503,5,139917,46.8,"Less than or equal to 300m",189.990169615385,32166.2443653853,5,139917,1276.97335907336,"DD7 6HN","DD7","6HN","DD76HN"
37921,"DD77PW","S01007160","9E891077-EF45-2C71-E053-A03BA40A7146","Playing Field",30448.7756000024,388.89716,5,148008,33.44,"300-600m",263.133091272727,29752.1120704638,4.31818181818182,140582.681818182,1896.13645996646,"DD7 7PW","DD7","7PW","DD77PW"
43330,"DD77LJ","S01007159","9E891077-ECFF-2C71-E053-A03BA40A7146","Playing Field",30062.0715000107,123.25989,2,52144,24.1590909090909,"Less than or equal to 300m",309.52626435,30071.7391025104,3.9,131365.5,3851.68948051948,"DD7 7LJ","DD7","7LJ","DD77LJ"
45578,"DD77NQ","S01007157","9E891077-ECFF-2C71-E053-A03BA40A7146","Playing Field",30062.0715000107,329.95908,1,30062,47.75,"300-600m",372.838871,30062.0715000107,1,30062,3851.68948051948,"DD7 7NQ","DD7","7NQ","DD77NQ"
47521,"DD76DJ","S01007165","9E891077-EF45-2C71-E053-A03BA40A7146","Playing Field",30448.7756000024,549.53436,4,117834,24.1388888888889,"300-600m",401.193104571429,19264.5522971436,4.42857142857143,127298.142857143,1896.13645996646,"DD7 6DJ","DD7","6DJ","DD76DJ"
66174,"DD76EX","S01007169","9E891077-EC32-2C71-E053-A03BA40A7146","Playing Field",21971.5947500013,185.60712,5,139917,46.8,"Less than or equal to 300m",189.990169615385,32166.2443653853,5,139917,2245.31161616162,"DD7 6EX","DD7","6EX","DD76EX"
76613,"DD77HA","S01007161","9E891077-ECFF-2C71-E053-A03BA40A7146","Playing Field",30062.0715000107,439.2323,5,148008,26.8571428571429,"300-600m",429.760981481482,26776.3491407435,5.11111111111111,150449.222222222,3851.68948051948,"DD7 7HA","DD7","7HA","DD77HA"
76614,"DD77JT","S01007158","9E891077-ECFF-2C71-E053-A03BA40A7146","Playing Field",30062.0715000107,466.78152,1,30062,63.5,"300-600m",334.881498571428,30062.0715000107,1.14285714285714,36558.0714285714,3851.68948051948,"DD7 7JT","DD7","7JT","DD77JT"
92341,"DD77NZ","S01007157","9E891077-ECFF-2C71-E053-A03BA40A7146","Playing Field",30062.0715000107,368.6367,1,30062,47.75,"300-600m",372.838871,30062.0715000107,1,30062,3851.68948051948,"DD7 7NZ","DD7","7NZ","DD77NZ"
93712,"DD77EZ","S01007159","9E891077-ECFF-2C71-E053-A03BA40A7146","Playing Field",30062.0715000107,420.3011,5,148008,24.1590909090909,"300-600m",309.52626435,30071.7391025104,3.9,131365.5,3851.68948051948,"DD7 7EZ","DD7","7EZ","DD77EZ"
99656,"DD77LG","S01007159","9E891077-ECFF-2C71-E053-A03BA40A7146","Playing Field",30062.0715000107,252.23996,4,143090,24.1590909090909,"Less than or equal to 300m",309.52626435,30071.7391025104,3.9,131365.5,3851.68948051948,"DD7 7LG","DD7","7LG","DD77LG"
112785,"DD76DA","S01007167","9E891077-EF45-2C71-E053-A03BA40A7146","Playing Field",30448.7756000024,663.8712,4,117834,35.4545454545455,"600-900m",760.808140952381,21455.2648404773,3.38095238095238,98429.7619047619,1896.13645996646,"DD7 6DA","DD7","6DA","DD76DA"
115964,"DD77QE","S01007160","9E891077-ECFF-2C71-E053-A03BA40A7146","Playing Field",30062.0715000107,260.2153,4,143090,33.44,"Less than or equal to 300m",263.133091272727,29752.1120704638,4.31818181818182,140582.681818182,3851.68948051948,"DD7 7QE","DD7","7QE","DD77QE"
125033,"DD76AN","S01007165","9E891077-FF9C-2C71-E053-A03BA40A7146","Public Park Or Garden",4917.39994999853,361.34888,4,117834,24.1388888888889,"300-600m",401.193104571429,19264.5522971436,4.42857142857143,127298.142857143,1565.69480519481,"DD7 6AN","DD7","6AN","DD76AN"
130459,"DD76EW","S01007167","9E891077-EC32-2C71-E053-A03BA40A7146","Playing Field",21971.5947500013,415.271,4,117834,35.4545454545455,"300-600m",760.808140952381,21455.2648404773,3.38095238095238,98429.7619047619,2245.31161616162,"DD7 6EW","DD7","6EW","DD76EW"
131472,"DD76EG","S01007165","9E891077-EF45-2C71-E053-A03BA40A7146","Playing Field",30448.7756000024,270.47366,5,139917,24.1388888888889,"Less than or equal to 300m",401.193104571429,19264.5522971436,4.42857142857143,127298.142857143,1896.13645996646,"DD7 6EG","DD7","6EG","DD76EG"
140193,"DD77LA","S01007158","9E891077-ECFF-2C71-E053-A03BA40A7146","Playing Field",30062.0715000107,203.17972,1,30062,63.5,"Less than or equal to 300m",334.881498571428,30062.0715000107,1.14285714285714,36558.0714285714,3851.68948051948,"DD7 7LA","DD7","7LA","DD77LA"
146115,"DD77ED","S01007162","9E8910C4-B66D-2C71-E053-A03BA40A7146","Public Park Or Garden",60496.9558499981,308.8689,6,169979,29.3333333333333,"300-600m",207.38075,12511.3159194431,4.88888888888889,139704.555555556,1276.97335907336,"DD7 7ED","DD7","7ED","DD77ED"
155339,"DD77AS","S01007164","9E8910C4-B66D-2C71-E053-A03BA40A7146","Public Park Or Garden",60496.9558499981,98.99495,5,139917,23.7916666666667,"Less than or equal to 300m",196.486049545455,36733.3183000002,5.45454545454545,153581.545454545,1276.97335907336,"DD7 7AS","DD7","7AS","DD77AS"
155340,"DD77BQ","S01007163","9E8910C4-B66D-2C71-E053-A03BA40A7146","Public Park Or Garden",60496.9558499981,120.8139,6,169979,24.4864864864865,"Less than or equal to 300m",186.544457305556,47512.1071986111,5.72222222222222,163924.388888889,1276.97335907336,"DD7 7BQ","DD7","7BQ","DD77BQ"
155341,"DD77TQ","S01007158","9E891077-ECFF-2C71-E053-A03BA40A7146","Playing Field",30062.0715000107,581.94934,1,30062,63.5,"300-600m",334.881498571428,30062.0715000107,1.14285714285714,36558.0714285714,3851.68948051948,"DD7 7TQ","DD7","7TQ","DD77TQ"
159086,"DD77NJ","S01007156","9E891077-ECFF-2C71-E053-A03BA40A7146","Playing Field",30062.0715000107,516.0475,1,30062,52,"300-600m",772.20523,30062.0715000107,1,30062,3851.68948051948,"DD7 7NJ","DD7","7NJ","DD77NJ"
162204,"DD76AH","S01007165","9E891077-FF9C-2C71-E053-A03BA40A7146","Public Park Or Garden",4917.39994999853,297.4727,5,139917,24.1388888888889,"Less than or equal to 300m",401.193104571429,19264.5522971436,4.42857142857143,127298.142857143,1565.69480519481,"DD7 6AH","DD7","6AH","DD76AH"
162205,"DD77LP","S01007159","9E891077-ECFF-2C71-E053-A03BA40A7146","Playing Field",30062.0715000107,135.36986,4,143090,24.1590909090909,"Less than or equal to 300m",309.52626435,30071.7391025104,3.9,131365.5,3851.68948051948,"DD7 7LP","DD7","7LP","DD77LP"
167366,"DD76AF","S01007165","9E891077-FF9C-2C71-E053-A03BA40A7146","Public Park Or Garden",4917.39994999853,177.62883,4,117834,24.1388888888889,"Less than or equal to 300m",401.193104571429,19264.5522971436,4.42857142857143,127298.142857143,1565.69480519481,"DD7 6AF","DD7","6AF","DD76AF"
169460,"DD77SH","S01007160","9E891077-ECFF-2C71-E053-A03BA40A7146","Playing Field",30062.0715000107,98.270035,3,112641,33.44,"Less than or equal to 300m",263.133091272727,29752.1120704638,4.31818181818182,140582.681818182,3851.68948051948,"DD7 7SH","DD7","7SH","DD77SH"
172932,"DD77AB","S01007164","9E891077-FF9C-2C71-E053-A03BA40A7146","Public Park Or Garden",4917.39994999853,238.31491,5,139917,23.7916666666667,"Less than or equal to 300m",196.486049545455,36733.3183000002,5.45454545454545,153581.545454545,1565.69480519481,"DD7 7AB","DD7","7AB","DD77AB"
180025,"DD77NH","S01007157","9E891077-ECFF-2C71-E053-A03BA40A7146","Playing Field",30062.0715000107,411.69162,1,30062,47.75,"300-600m",372.838871,30062.0715000107,1,30062,3851.68948051948,"DD7 7NH","DD7","7NH","DD77NH"
181245,"DD76JZ","S01007167","9E891077-EC32-2C71-E053-A03BA40A7146","Playing Field",21971.5947500013,869.8764,1,21971,35.4545454545455,"600-900m",760.808140952381,21455.2648404773,3.38095238095238,98429.7619047619,2245.31161616162,"DD7 6JZ","DD7","6JZ","DD76JZ"
192299,"DD77EG","S01007162","9E891077-FF9C-2C71-E053-A03BA40A7146","Public Park Or Garden",4917.39994999853,257.96317,6,169979,29.3333333333333,"Less than or equal to 300m",207.38075,12511.3159194431,4.88888888888889,139704.555555556,1565.69480519481,"DD7 7EG","DD7","7EG","DD77EG"
192300,"DD77PS","S01007163","9E8910C4-B66D-2C71-E053-A03BA40A7146","Public Park Or Garden",60496.9558499981,268.77872,6,169979,24.4864864864865,"Less than or equal to 300m",186.544457305556,47512.1071986111,5.72222222222222,163924.388888889,1276.97335907336,"DD7 7PS","DD7","7PS","DD77PS"
197156,"DD76LA","S01007144","9E8911BC-1915-2C71-E053-A03BA40A7146","Playing Field",22082.8517500042,215.26031,4,135000,26.2727272727273,"Less than or equal to 300m",953.088672580645,75434.4899951621,1.41935483870968,92220.2258064516,250.458427518428,"DD7 6LA","DD7","6LA","DD76LA"
208333,"DD76AA","S01007165","9E891077-EF45-2C71-E053-A03BA40A7146","Playing Field",30448.7756000024,222.57584,5,139917,24.1388888888889,"Less than or equal to 300m",401.193104571429,19264.5522971436,4.42857142857143,127298.142857143,1896.13645996646,"DD7 6AA","DD7","6AA","DD76AA"
208334,"DD77PU","S01007163","9E8910C4-B66D-2C71-E053-A03BA40A7146","Public Park Or Garden",60496.9558499981,379.01187,5,148008,24.4864864864865,"300-600m",186.544457305556,47512.1071986111,5.72222222222222,163924.388888889,1276.97335907336,"DD7 7PU","DD7","7PU","DD77PU"
211016,"DD76HB","S01007165","9E891077-EF45-2C71-E053-A03BA40A7146","Playing Field",30448.7756000024,465.00967,5,139917,24.1388888888889,"300-600m",401.193104571429,19264.5522971436,4.42857142857143,127298.142857143,1896.13645996646,"DD7 6HB","DD7","6HB","DD76HB"
215507,"DD77HU","S01007159","9E891077-ECFF-2C71-E053-A03BA40A7146","Playing Field",30062.0715000107,450.37872,3,121007,24.1590909090909,"300-600m",309.52626435,30071.7391025104,3.9,131365.5,3851.68948051948,"DD7 7HU","DD7","7HU","DD77HU"
220300,"DD76HZ","S01007169","9E891077-EC32-2C71-E053-A03BA40A7146","Playing Field",21971.5947500013,337.49963,5,139917,46.8,"300-600m",189.990169615385,32166.2443653853,5,139917,2245.31161616162,"DD7 6HZ","DD7","6HZ","DD76HZ"
220301,"DD77EL","S01007161","9E891077-EF45-2C71-E053-A03BA40A7146","Playing Field",30448.7756000024,381.33582,5,148008,26.8571428571429,"300-600m",429.760981481482,26776.3491407435,5.11111111111111,150449.222222222,1896.13645996646,"DD7 7EL","DD7","7EL","DD77EL"
220302,"DD77PR","S01007163","9E891077-EF45-2C71-E053-A03BA40A7146","Playing Field",30448.7756000024,280.4443,6,169979,24.4864864864865,"Less than or equal to 300m",186.544457305556,47512.1071986111,5.72222222222222,163924.388888889,1896.13645996646,"DD7 7PR","DD7","7PR","DD77PR"
224573,"DD77PJ","S01007164","9E8910C4-B66D-2C71-E053-A03BA40A7146","Public Park Or Garden",60496.9558499981,236.5798,6,169979,23.7916666666667,"Less than or equal to 300m",196.486049545455,36733.3183000002,5.45454545454545,153581.545454545,1276.97335907336,"DD7 7PJ","DD7","7PJ","DD77PJ"
232574,"DD77NB","S01007159","9E891077-ECFF-2C71-E053-A03BA40A7146","Playing Field",30062.0715000107,316.79648,5,148008,24.1590909090909,"300-600m",309.52626435,30071.7391025104,3.9,131365.5,3851.68948051948,"DD7 7NB","DD7","7NB","DD77NB"
238350,"DD76EE","S01007165","9E891077-EF45-2C71-E053-A03BA40A7146","Playing Field",30448.7756000024,339.4363,5,139917,24.1388888888889,"300-600m",401.193104571429,19264.5522971436,4.42857142857143,127298.142857143,1896.13645996646,"DD7 6EE","DD7","6EE","DD76EE"
238351,"DD77JJ","S01007161","9E891077-EF45-2C71-E053-A03BA40A7146","Playing Field",30448.7756000024,599.8908,5,148008,26.8571428571429,"300-600m",429.760981481482,26776.3491407435,5.11111111111111,150449.222222222,1896.13645996646,"DD7 7JJ","DD7","7JJ","DD77JJ"
238352,"DD77SS","S01007163","9E8911BC-1915-2C71-E053-A03BA40A7146","Playing Field",22082.8517500042,50.635956,5,165062,24.4864864864865,"Less than or equal to 300m",186.544457305556,47512.1071986111,5.72222222222222,163924.388888889,250.458427518428,"DD7 7SS","DD7","7SS","DD77SS"
243312,"DD77BD","S01007163","9E891077-EF45-2C71-E053-A03BA40A7146","Playing Field",30448.7756000024,38.118237,6,169979,24.4864864864865,"Less than or equal to 300m",186.544457305556,47512.1071986111,5.72222222222222,163924.388888889,1896.13645996646,"DD7 7BD","DD7","7BD","DD77BD"
243313,"DD77BU","S01007163","9E8910C4-B66D-2C71-E053-A03BA40A7146","Public Park Or Garden",60496.9558499981,258.86096,6,169979,24.4864864864865,"Less than or equal to 300m",186.544457305556,47512.1071986111,5.72222222222222,163924.388888889,1276.97335907336,"DD7 7BU","DD7","7BU","DD77BU"
247560,"DD76EN","S01007165","9E891077-EF45-2C71-E053-A03BA40A7146","Playing Field",30448.7756000024,585.1444,4,117834,24.1388888888889,"300-600m",401.193104571429,19264.5522971436,4.42857142857143,127298.142857143,1896.13645996646,"DD7 6EN","DD7","6EN","DD76EN"
259648,"DD77JB","S01007162","9E891077-FF9C-2C71-E053-A03BA40A7146","Public Park Or Garden",4917.39994999853,76.00658,3,95863,29.3333333333333,"Less than or equal to 300m",207.38075,12511.3159194431,4.88888888888889,139704.555555556,1565.69480519481,"DD7 7JB","DD7","7JB","DD77JB"
270002,"DD77HZ","S01007162","9E891077-FF9C-2C71-E053-A03BA40A7146","Public Park Or Garden",4917.39994999853,98.0612,5,139917,29.3333333333333,"Less than or equal to 300m",207.38075,12511.3159194431,4.88888888888889,139704.555555556,1565.69480519481,"DD7 7HZ","DD7","7HZ","DD77HZ"
270871,"DD76JN","S01007168","9E891077-EC32-2C71-E053-A03BA40A7146","Playing Field",21971.5947500013,582.0249,1,21971,66.1538461538462,"300-600m",420.423819230769,21971.5947500013,3.07692307692308,106098.307692308,2245.31161616162,"DD7 6JN","DD7","6JN","DD76JN"
270872,"DD76LB","S01007144","9E891077-C573-2C71-E053-A03BA40A7146","Public Park Or Garden",269131.98054999,532.25934,1,269131,26.2727272727273,"300-600m",953.088672580645,75434.4899951621,1.41935483870968,92220.2258064516,373.226515151515,"DD7 6LB","DD7","6LB","DD76LB"
271639,"DD77QD","S01007160","9E891077-ECFF-2C71-E053-A03BA40A7146","Playing Field",30062.0715000107,303.29523,4,143090,33.44,"300-600m",263.133091272727,29752.1120704638,4.31818181818182,140582.681818182,3851.68948051948,"DD7 7QD","DD7","7QD","DD77QD"
272346,"DD77LT","S01007159","9E891077-ECFF-2C71-E053-A03BA40A7146","Playing Field",30062.0715000107,177.792,4,143090,24.1590909090909,"Less than or equal to 300m",309.52626435,30071.7391025104,3.9,131365.5,3851.68948051948,"DD7 7LT","DD7","7LT","DD77LT"
272932,"DD77DJ","S01007161","9E891077-EF45-2C71-E053-A03BA40A7146","Playing Field",30448.7756000024,361.00555,5,148008,26.8571428571429,"300-600m",429.760981481482,26776.3491407435,5.11111111111111,150449.222222222,1896.13645996646,"DD7 7DJ","DD7","7DJ","DD77DJ"
297765,"DD77JD","S01007162","9E891077-FF9C-2C71-E053-A03BA40A7146","Public Park Or Garden",4917.39994999853,214.30818,3,95863,29.3333333333333,"Less than or equal to 300m",207.38075,12511.3159194431,4.88888888888889,139704.555555556,1565.69480519481,"DD7 7JD","DD7","7JD","DD77JD"
300834,"DD76GR","S01007163","9E891077-EF45-2C71-E053-A03BA40A7146","Playing Field",30448.7756000024,92.11406,6,169979,24.4864864864865,"Less than or equal to 300m",186.544457305556,47512.1071986111,5.72222222222222,163924.388888889,1896.13645996646,"DD7 6GR","DD7","6GR","DD76GR"
300835,"DD77HN","S01007161","9E891077-EF45-2C71-E053-A03BA40A7146","Playing Field",30448.7756000024,454.9901,5,148008,26.8571428571429,"300-600m",429.760981481482,26776.3491407435,5.11111111111111,150449.222222222,1896.13645996646,"DD7 7HN","DD7","7HN","DD77HN"
303540,"DD76DP","S01007167","9E891077-EC32-2C71-E053-A03BA40A7146","Playing Field",21971.5947500013,749.2423,3,112917,35.4545454545455,"600-900m",760.808140952381,21455.2648404773,3.38095238095238,98429.7619047619,2245.31161616162,"DD7 6DP","DD7","6DP","DD76DP"
312791,"DD77NX","S01007157","9E891077-ECFF-2C71-E053-A03BA40A7146","Playing Field",30062.0715000107,268.71545,1,30062,47.75,"Less than or equal to 300m",372.838871,30062.0715000107,1,30062,3851.68948051948,"DD7 7NX","DD7","7NX","DD77NX"
324935,"DD77BZ","S01007163","9E891077-EF45-2C71-E053-A03BA40A7146","Playing Field",30448.7756000024,130.92365,6,169979,24.4864864864865,"Less than or equal to 300m",186.544457305556,47512.1071986111,5.72222222222222,163924.388888889,1896.13645996646,"DD7 7BZ","DD7","7BZ","DD77BZ"
331011,"DD77NP","S01007159","9E891077-ECFF-2C71-E053-A03BA40A7146","Playing Field",30062.0715000107,477.36044,4,125925,24.1590909090909,"300-600m",309.52626435,30071.7391025104,3.9,131365.5,3851.68948051948,"DD7 7NP","DD7","7NP","DD77NP"
335978,"DD76DQ","S01007168","9E891077-EC32-2C71-E053-A03BA40A7146","Playing Field",21971.5947500013,366.4451,4,117834,66.1538461538462,"300-600m",420.423819230769,21971.5947500013,3.07692307692308,106098.307692308,2245.31161616162,"DD7 6DQ","DD7","6DQ","DD76DQ"
335979,"DD77AR","S01007163","9E891077-EF45-2C71-E053-A03BA40A7146","Playing Field",30448.7756000024,78.08969,6,169979,24.4864864864865,"Less than or equal to 300m",186.544457305556,47512.1071986111,5.72222222222222,163924.388888889,1896.13645996646,"DD7 7AR","DD7","7AR","DD77AR"
335980,"DD77ER","S01007161","9E891077-EF45-2C71-E053-A03BA40A7146","Playing Field",30448.7756000024,434.808,5,148008,26.8571428571429,"300-600m",429.760981481482,26776.3491407435,5.11111111111111,150449.222222222,1896.13645996646,"DD7 7ER","DD7","7ER","DD77ER"
335981,"DD77JE","S01007162","9E891077-FF9C-2C71-E053-A03BA40A7146","Public Park Or Garden",4917.39994999853,135.5581,3,95863,29.3333333333333,"Less than or equal to 300m",207.38075,12511.3159194431,4.88888888888889,139704.555555556,1565.69480519481,"DD7 7JE","DD7","7JE","DD77JE"
340223,"DD77HB","S01007161","9E891077-ECFF-2C71-E053-A03BA40A7146","Playing Field",30062.0715000107,456.31677,5,148008,26.8571428571429,"300-600m",429.760981481482,26776.3491407435,5.11111111111111,150449.222222222,3851.68948051948,"DD7 7HB","DD7","7HB","DD77HB"
340224,"DD77HY","S01007161","9E891077-EF45-2C71-E053-A03BA40A7146","Playing Field",30448.7756000024,546.5098,5,148008,26.8571428571429,"300-600m",429.760981481482,26776.3491407435,5.11111111111111,150449.222222222,1896.13645996646,"DD7 7HY","DD7","7HY","DD77HY"
340225,"DD77QU","S01007160","9E891077-ECFF-2C71-E053-A03BA40A7146","Playing Field",30062.0715000107,60.216278,2,52144,33.44,"Less than or equal to 300m",263.133091272727,29752.1120704638,4.31818181818182,140582.681818182,3851.68948051948,"DD7 7QU","DD7","7QU","DD77QU"
343961,"DD76EQ","S01007167","9E891077-EC32-2C71-E053-A03BA40A7146","Playing Field",21971.5947500013,618.41815,4,117834,35.4545454545455,"600-900m",760.808140952381,21455.2648404773,3.38095238095238,98429.7619047619,2245.31161616162,"DD7 6EQ","DD7","6EQ","DD76EQ"
352419,"DD76DY","S01007168","9E891077-EC32-2C71-E053-A03BA40A7146","Playing Field",21971.5947500013,454.25104,3,112917,66.1538461538462,"300-600m",420.423819230769,21971.5947500013,3.07692307692308,106098.307692308,2245.31161616162,"DD7 6DY","DD7","6DY","DD76DY"
352420,"DD76LD","S01007144","9E891077-EC32-2C71-E053-A03BA40A7146","Playing Field",21971.5947500013,535.2803,4,135000,26.2727272727273,"300-600m",953.088672580645,75434.4899951621,1.41935483870968,92220.2258064516,2245.31161616162,"DD7 6LD","DD7","6LD","DD76LD"
352421,"DD77LW","S01007159","9E891077-ECFF-2C71-E053-A03BA40A7146","Playing Field",30062.0715000107,258.94016,4,143090,24.1590909090909,"Less than or equal to 300m",309.52626435,30071.7391025104,3.9,131365.5,3851.68948051948,"DD7 7LW","DD7","7LW","DD77LW"
354513,"DD76HU","S01007168","9E891077-EC32-2C71-E053-A03BA40A7146","Playing Field",21971.5947500013,213.2135,4,135000,66.1538461538462,"Less than or equal to 300m",420.423819230769,21971.5947500013,3.07692307692308,106098.307692308,2245.31161616162,"DD7 6HU","DD7","6HU","DD76HU"
357906,"DD77AH","S01007164","9E8910C4-B66D-2C71-E053-A03BA40A7146","Public Park Or Garden",60496.9558499981,259.39352,5,139917,23.7916666666667,"Less than or equal to 300m",196.486049545455,36733.3183000002,5.45454545454545,153581.545454545,1276.97335907336,"DD7 7AH","DD7","7AH","DD77AH"
360685,"DD77NG","S01007157","9E891077-ECFF-2C71-E053-A03BA40A7146","Playing Field",30062.0715000107,261.7728,1,30062,47.75,"Less than or equal to 300m",372.838871,30062.0715000107,1,30062,3851.68948051948,"DD7 7NG","DD7","7NG","DD77NG"
360686,"DD77QQ","S01007159","9E891077-ECFF-2C71-E053-A03BA40A7146","Playing Field",30062.0715000107,77.36925,4,143090,24.1590909090909,"Less than or equal to 300m",309.52626435,30071.7391025104,3.9,131365.5,3851.68948051948,"DD7 7QQ","DD7","7QQ","DD77QQ"
365835,"DD77HX","S01007159","9E891077-ECFF-2C71-E053-A03BA40A7146","Playing Field",30062.0715000107,420.51993,5,148008,24.1590909090909,"300-600m",309.52626435,30071.7391025104,3.9,131365.5,3851.68948051948,"DD7 7HX","DD7","7HX","DD77HX"
368914,"DD77JZ","S01007158","9E891077-ECFF-2C71-E053-A03BA40A7146","Playing Field",30062.0715000107,237.11812,1,30062,63.5,"Less than or equal to 300m",334.881498571428,30062.0715000107,1.14285714285714,36558.0714285714,3851.68948051948,"DD7 7JZ","DD7","7JZ","DD77JZ"
371821,"DD76GY","S01007143","9E8910C4-B66D-2C71-E053-A03BA40A7146","Public Park Or Garden",60496.9558499981,204.94145,5,139917,57.75,"Less than or equal to 300m",171.003693916667,41252.8181333335,4.75,140783.166666667,1276.97335907336,"DD7 6GY","DD7","6GY","DD76GY"
371822,"DD77ET","S01007161","9E891077-EF45-2C71-E053-A03BA40A7146","Playing Field",30448.7756000024,405.40967,5,148008,26.8571428571429,"300-600m",429.760981481482,26776.3491407435,5.11111111111111,150449.222222222,1896.13645996646,"DD7 7ET","DD7","7ET","DD77ET"
377762,"DD77EA","S01007162","9E891077-FF9C-2C71-E053-A03BA40A7146","Public Park Or Garden",4917.39994999853,179.42407,5,139917,29.3333333333333,"Less than or equal to 300m",207.38075,12511.3159194431,4.88888888888889,139704.555555556,1565.69480519481,"DD7 7EA","DD7","7EA","DD77EA"
390922,"DD77QP","S01007160","9E891077-ECFF-2C71-E053-A03BA40A7146","Playing Field",30062.0715000107,189.26436,4,143090,33.44,"Less than or equal to 300m",263.133091272727,29752.1120704638,4.31818181818182,140582.681818182,3851.68948051948,"DD7 7QP","DD7","7QP","DD77QP"
396893,"DD77EU","S01007159","9E891077-EF45-2C71-E053-A03BA40A7146","Playing Field",30448.7756000024,432.89954,5,148008,24.1590909090909,"300-600m",309.52626435,30071.7391025104,3.9,131365.5,1896.13645996646,"DD7 7EU","DD7","7EU","DD77EU"
403271,"DD77LL","S01007159","9E891077-ECFF-2C71-E053-A03BA40A7146","Playing Field",30062.0715000107,246.33311,3,121007,24.1590909090909,"Less than or equal to 300m",309.52626435,30071.7391025104,3.9,131365.5,3851.68948051948,"DD7 7LL","DD7","7LL","DD77LL"
406396,"DD76HW","S01007169","9E891077-EC32-2C71-E053-A03BA40A7146","Playing Field",21971.5947500013,148.60013,5,139917,46.8,"Less than or equal to 300m",189.990169615385,32166.2443653853,5,139917,2245.31161616162,"DD7 6HW","DD7","6HW","DD76HW"
409757,"DD76AW","S01007166","9E891077-FF9C-2C71-E053-A03BA40A7146","Public Park Or Garden",4917.39994999853,759.9507,4,117834,27.25,"600-900m",854.949475217391,9366.32033260794,2.73913043478261,77489.6086956522,1565.69480519481,"DD7 6AW","DD7","6AW","DD76AW"
414251,"DD77NT","S01007156","9E891077-ECFF-2C71-E053-A03BA40A7146","Playing Field",30062.0715000107,535.0336,1,30062,52,"300-600m",772.20523,30062.0715000107,1,30062,3851.68948051948,"DD7 7NT","DD7","7NT","DD77NT"
418407,"DD76ED","S01007165","9E891077-EF45-2C71-E053-A03BA40A7146","Playing Field",30448.7756000024,318.81186,5,139917,24.1388888888889,"300-600m",401.193104571429,19264.5522971436,4.42857142857143,127298.142857143,1896.13645996646,"DD7 6ED","DD7","6ED","DD76ED"
429473,"DD76AX","S01007166","9E891077-FF9C-2C71-E053-A03BA40A7146","Public Park Or Garden",4917.39994999853,644.1902,4,117834,27.25,"600-900m",854.949475217391,9366.32033260794,2.73913043478261,77489.6086956522,1565.69480519481,"DD7 6AX","DD7","6AX","DD76AX"
429474,"DD77ES","S01007161","9E891077-EF45-2C71-E053-A03BA40A7146","Playing Field",30448.7756000024,412.37848,5,148008,26.8571428571429,"300-600m",429.760981481482,26776.3491407435,5.11111111111111,150449.222222222,1896.13645996646,"DD7 7ES","DD7","7ES","DD77ES"
429475,"DD77SU","S01007163","9E8910C4-B66D-2C71-E053-A03BA40A7146","Public Park Or Garden",60496.9558499981,38.948685,5,139917,24.4864864864865,"Less than or equal to 300m",186.544457305556,47512.1071986111,5.72222222222222,163924.388888889,1276.97335907336,"DD7 7SU","DD7","7SU","DD77SU"
437549,"DD76EJ","S01007165","9E891077-EF45-2C71-E053-A03BA40A7146","Playing Field",30448.7756000024,484.6081,4,117834,24.1388888888889,"300-600m",401.193104571429,19264.5522971436,4.42857142857143,127298.142857143,1896.13645996646,"DD7 6EJ","DD7","6EJ","DD76EJ"
437550,"DD76GW","S01007143","9E8910C4-B66D-2C71-E053-A03BA40A7146","Public Park Or Garden",60496.9558499981,160.43066,5,139917,57.75,"Less than or equal to 300m",171.003693916667,41252.8181333335,4.75,140783.166666667,1276.97335907336,"DD7 6GW","DD7","6GW","DD76GW"
455264,"DD77BP","S01007163","9E8910C4-B66D-2C71-E053-A03BA40A7146","Public Park Or Garden",60496.9558499981,287.00696,6,169979,24.4864864864865,"Less than or equal to 300m",186.544457305556,47512.1071986111,5.72222222222222,163924.388888889,1276.97335907336,"DD7 7BP","DD7","7BP","DD77BP"
460265,"DD77PX","S01007160","9E891077-ECFF-2C71-E053-A03BA40A7146","Playing Field",30062.0715000107,381,5,148008,33.44,"300-600m",263.133091272727,29752.1120704638,4.31818181818182,140582.681818182,3851.68948051948,"DD7 7PX","DD7","7PX","DD77PX"
462203,"DD77NN","S01007156","9E891077-ECFF-2C71-E053-A03BA40A7146","Playing Field",30062.0715000107,415.93268,1,30062,52,"300-600m",772.20523,30062.0715000107,1,30062,3851.68948051948,"DD7 7NN","DD7","7NN","DD77NN"
464911,"DD77EF","S01007162","9E891077-FF9C-2C71-E053-A03BA40A7146","Public Park Or Garden",4917.39994999853,263.09885,6,169979,29.3333333333333,"Less than or equal to 300m",207.38075,12511.3159194431,4.88888888888889,139704.555555556,1565.69480519481,"DD7 7EF","DD7","7EF","DD77EF"
480182,"DD77AX","S01007164","9E891077-EF45-2C71-E053-A03BA40A7146","Playing Field",30448.7756000024,252.2479,5,139917,23.7916666666667,"Less than or equal to 300m",196.486049545455,36733.3183000002,5.45454545454545,153581.545454545,1896.13645996646,"DD7 7AX","DD7","7AX","DD77AX"
483875,"DD77DE","S01007163","9E8911BC-1915-2C71-E053-A03BA40A7146","Playing Field",22082.8517500042,309.51736,5,165062,24.4864864864865,"300-600m",186.544457305556,47512.1071986111,5.72222222222222,163924.388888889,250.458427518428,"DD7 7DE","DD7","7DE","DD77DE"
489876,"DD76DX","S01007168","9E891077-EC32-2C71-E053-A03BA40A7146","Playing Field",21971.5947500013,568.33966,3,112917,66.1538461538462,"300-600m",420.423819230769,21971.5947500013,3.07692307692308,106098.307692308,2245.31161616162,"DD7 6DX","DD7","6DX","DD76DX"
489877,"DD77EX","S01007160","9E891077-EF45-2C71-E053-A03BA40A7146","Playing Field",30448.7756000024,402.50467,5,148008,33.44,"300-600m",263.133091272727,29752.1120704638,4.31818181818182,140582.681818182,1896.13645996646,"DD7 7EX","DD7","7EX","DD77EX"
492251,"DD76AY","S01007166","9E891077-FF9C-2C71-E053-A03BA40A7146","Public Park Or Garden",4917.39994999853,793.0025,3,95863,27.25,"600-900m",854.949475217391,9366.32033260794,2.73913043478261,77489.6086956522,1565.69480519481,"DD7 6AY","DD7","6AY","DD76AY"
492252,"DD76BL","S01007166","9E891077-FF9C-2C71-E053-A03BA40A7146","Public Park Or Garden",4917.39994999853,945.5543,3,95863,27.25,"900-1800m",854.949475217391,9366.32033260794,2.73913043478261,77489.6086956522,1565.69480519481,"DD7 6BL","DD7","6BL","DD76BL"
492253,"DD76DT","S01007168","9E891077-EC32-2C71-E053-A03BA40A7146","Playing Field",21971.5947500013,691.11505,3,112917,66.1538461538462,"600-900m",420.423819230769,21971.5947500013,3.07692307692308,106098.307692308,2245.31161616162,"DD7 6DT","DD7","6DT","DD76DT"
492254,"DD77LN","S01007159","9E891077-ECFF-2C71-E053-A03BA40A7146","Playing Field",30062.0715000107,204.36243,3,121007,24.1590909090909,"Less than or equal to 300m",309.52626435,30071.7391025104,3.9,131365.5,3851.68948051948,"DD7 7LN","DD7","7LN","DD77LN"
492255,"DD77QH","S01007160","9E891077-ECFF-2C71-E053-A03BA40A7146","Playing Field",30062.0715000107,379.01187,5,148008,33.44,"300-600m",263.133091272727,29752.1120704638,4.31818181818182,140582.681818182,3851.68948051948,"DD7 7QH","DD7","7QH","DD77QH"
504199,"DD76BQ","S01007166","9E891077-EC32-2C71-E053-A03BA40A7146","Playing Field",21971.5947500013,974.5281,1,21971,27.25,"900-1800m",854.949475217391,9366.32033260794,2.73913043478261,77489.6086956522,2245.31161616162,"DD7 6BQ","DD7","6BQ","DD76BQ"
505539,"DD76AQ","S01007165","9E891077-FF9C-2C71-E053-A03BA40A7146","Public Park Or Garden",4917.39994999853,414.23785,4,117834,24.1388888888889,"300-600m",401.193104571429,19264.5522971436,4.42857142857143,127298.142857143,1565.69480519481,"DD7 6AQ","DD7","6AQ","DD76AQ"
505540,"DD77QL","S01007160","9E891077-ECFF-2C71-E053-A03BA40A7146","Playing Field",30062.0715000107,320.97507,5,148008,33.44,"300-600m",263.133091272727,29752.1120704638,4.31818181818182,140582.681818182,3851.68948051948,"DD7 7QL","DD7","7QL","DD77QL"
506095,"DD76LR","S01007144","9E89103C-10F0-2C71-E053-A03BA40A7146","Public Park Or Garden",2851.15199999771,192.31485,1,2851,26.2727272727273,"Less than or equal to 300m",953.088672580645,75434.4899951621,1.41935483870968,92220.2258064516,385.309090909091,"DD7 6LR","DD7","6LR","DD76LR"
509543,"DD77NW","S01007156","9E891077-ECFF-2C71-E053-A03BA40A7146","Playing Field",30062.0715000107,448.55545,1,30062,52,"300-600m",772.20523,30062.0715000107,1,30062,3851.68948051948,"DD7 7NW","DD7","7NW","DD77NW"
511284,"DD77BY","S01007163","9E891077-EF45-2C71-E053-A03BA40A7146","Playing Field",30448.7756000024,142.00352,6,169979,24.4864864864865,"Less than or equal to 300m",186.544457305556,47512.1071986111,5.72222222222222,163924.388888889,1896.13645996646,"DD7 7BY","DD7","7BY","DD77BY"
511285,"DD77HJ","S01007161","9E891077-EF45-2C71-E053-A03BA40A7146","Playing Field",30448.7756000024,566.4274,5,148008,26.8571428571429,"300-600m",429.760981481482,26776.3491407435,5.11111111111111,150449.222222222,1896.13645996646,"DD7 7HJ","DD7","7HJ","DD77HJ"
517220,"DD76GU","S01007143","9E8910C4-B66D-2C71-E053-A03BA40A7146","Public Park Or Garden",60496.9558499981,248.80515,5,139917,57.75,"Less than or equal to 300m",171.003693916667,41252.8181333335,4.75,140783.166666667,1276.97335907336,"DD7 6GU","DD7","6GU","DD76GU"
517221,"DD77PF","S01007164","9E891077-EF45-2C71-E053-A03BA40A7146","Playing Field",30448.7756000024,233.46092,6,169979,23.7916666666667,"Less than or equal to 300m",196.486049545455,36733.3183000002,5.45454545454545,153581.545454545,1896.13645996646,"DD7 7PF","DD7","7PF","DD77PF"
522279,"DD76EF","S01007165","9E891077-EF45-2C71-E053-A03BA40A7146","Playing Field",30448.7756000024,299.93332,5,139917,24.1388888888889,"Less than or equal to 300m",401.193104571429,19264.5522971436,4.42857142857143,127298.142857143,1896.13645996646,"DD7 6EF","DD7","6EF","DD76EF"
533517,"DD77RE","S01007162","9E891077-FF9C-2C71-E053-A03BA40A7146","Public Park Or Garden",4917.39994999853,254.23808,5,139917,29.3333333333333,"Less than or equal to 300m",207.38075,12511.3159194431,4.88888888888889,139704.555555556,1565.69480519481,"DD7 7RE","DD7","7RE","DD77RE"
536251,"DD77LY","S01007159","9E891077-ECFF-2C71-E053-A03BA40A7146","Playing Field",30062.0715000107,237.80664,4,143090,24.1590909090909,"Less than or equal to 300m",309.52626435,30071.7391025104,3.9,131365.5,3851.68948051948,"DD7 7LY","DD7","7LY","DD77LY"
538629,"DD76EB","S01007165","9E891077-EF45-2C71-E053-A03BA40A7146","Playing Field",30448.7756000024,268.75455,5,139917,24.1388888888889,"Less than or equal to 300m",401.193104571429,19264.5522971436,4.42857142857143,127298.142857143,1896.13645996646,"DD7 6EB","DD7","6EB","DD76EB"
542612,"DD77HF","S01007161","9E891077-ECFF-2C71-E053-A03BA40A7146","Playing Field",30062.0715000107,520.8426,5,148008,26.8571428571429,"300-600m",429.760981481482,26776.3491407435,5.11111111111111,150449.222222222,3851.68948051948,"DD7 7HF","DD7","7HF","DD77HF"
554825,"DD76BD","S01007166","9E891077-FF9C-2C71-E053-A03BA40A7146","Public Park Or Garden",4917.39994999853,967.52466,1,4917,27.25,"900-1800m",854.949475217391,9366.32033260794,2.73913043478261,77489.6086956522,1565.69480519481,"DD7 6BD","DD7","6BD","DD76BD"
557883,"DD77JH","S01007161","9E891077-EF45-2C71-E053-A03BA40A7146","Playing Field",30448.7756000024,491.15884,5,148008,26.8571428571429,"300-600m",429.760981481482,26776.3491407435,5.11111111111111,150449.222222222,1896.13645996646,"DD7 7JH","DD7","7JH","DD77JH"
568869,"DD77AN","S01007164","9E8910C4-B66D-2C71-E053-A03BA40A7146","Public Park Or Garden",60496.9558499981,138.00362,6,169979,23.7916666666667,"Less than or equal to 300m",196.486049545455,36733.3183000002,5.45454545454545,153581.545454545,1276.97335907336,"DD7 7AN","DD7","7AN","DD77AN"
582710,"DD76FR","S01007165","9E891077-FF9C-2C71-E053-A03BA40A7146","Public Park Or Garden",4917.39994999853,423.08038,4,117834,24.1388888888889,"300-600m",401.193104571429,19264.5522971436,4.42857142857143,127298.142857143,1565.69480519481,"DD7 6FR","DD7","6FR","DD76FR"
587152,"DD77RT","S01007144","9E891077-ECFF-2C71-E053-A03BA40A7146","Playing Field",30062.0715000107,960.4686,1,30062,26.2727272727273,"900-1800m",953.088672580645,75434.4899951621,1.41935483870968,92220.2258064516,3851.68948051948,"DD7 7RT","DD7","7RT","DD77RT"
604185,"DD76BY","S01007166","9E891077-FF9C-2C71-E053-A03BA40A7146","Public Park Or Garden",4917.39994999853,720.4679,4,117834,27.25,"600-900m",854.949475217391,9366.32033260794,2.73913043478261,77489.6086956522,1565.69480519481,"DD7 6BY","DD7","6BY","DD76BY"
610098,"DD76HJ","S01007169","9E8910C4-B66D-2C71-E053-A03BA40A7146","Public Park Or Garden",60496.9558499981,77,5,139917,46.8,"Less than or equal to 300m",189.990169615385,32166.2443653853,5,139917,1276.97335907336,"DD7 6HJ","DD7","6HJ","DD76HJ"
615087,"DD76HT","S01007168","9E891077-EC32-2C71-E053-A03BA40A7146","Playing Field",21971.5947500013,190.6725,4,135000,66.1538461538462,"Less than or equal to 300m",420.423819230769,21971.5947500013,3.07692307692308,106098.307692308,2245.31161616162,"DD7 6HT","DD7","6HT","DD76HT"
623072,"DD77PB","S01007162","9E891077-EF45-2C71-E053-A03BA40A7146","Playing Field",30448.7756000024,292.8498,6,169979,29.3333333333333,"Less than or equal to 300m",207.38075,12511.3159194431,4.88888888888889,139704.555555556,1896.13645996646,"DD7 7PB","DD7","7PB","DD77PB"
623073,"DD77RH","S01007144","9E891077-ECFF-2C71-E053-A03BA40A7146","Playing Field",30062.0715000107,719.618,1,30062,26.2727272727273,"600-900m",953.088672580645,75434.4899951621,1.41935483870968,92220.2258064516,3851.68948051948,"DD7 7RH","DD7","7RH","DD77RH"
626276,"DD76BS","S01007166","9E891077-EC32-2C71-E053-A03BA40A7146","Playing Field",21971.5947500013,897.0909,4,117834,27.25,"600-900m",854.949475217391,9366.32033260794,2.73913043478261,77489.6086956522,2245.31161616162,"DD7 6BS","DD7","6BS","DD76BS"
626277,"DD77PN","S01007161","9E891077-EF45-2C71-E053-A03BA40A7146","Playing Field",30448.7756000024,328.46613,5,148008,26.8571428571429,"300-600m",429.760981481482,26776.3491407435,5.11111111111111,150449.222222222,1896.13645996646,"DD7 7PN","DD7","7PN","DD77PN"
631320,"DD77BB","S01007163","9E891077-EF45-2C71-E053-A03BA40A7146","Playing Field",30448.7756000024,52.63079,5,139917,24.4864864864865,"Less than or equal to 300m",186.544457305556,47512.1071986111,5.72222222222222,163924.388888889,1896.13645996646,"DD7 7BB","DD7","7BB","DD77BB"
633339,"DD76LS","S01007144","9E89103C-10F0-2C71-E053-A03BA40A7146","Public Park Or Garden",2851.15199999771,137.61177,1,2851,26.2727272727273,"Less than or equal to 300m",953.088672580645,75434.4899951621,1.41935483870968,92220.2258064516,385.309090909091,"DD7 6LS","DD7","6LS","DD76LS"
639475,"DD76BA","S01007166","9E891077-FF9C-2C71-E053-A03BA40A7146","Public Park Or Garden",4917.39994999853,852.115,3,95863,27.25,"600-900m",854.949475217391,9366.32033260794,2.73913043478261,77489.6086956522,1565.69480519481,"DD7 6BA","DD7","6BA","DD76BA"
643284,"DD76BU","S01007167","9E891077-EF45-2C71-E053-A03BA40A7146","Playing Field",30448.7756000024,720.0062,4,117834,35.4545454545455,"600-900m",760.808140952381,21455.2648404773,3.38095238095238,98429.7619047619,1896.13645996646,"DD7 6BU","DD7","6BU","DD76BU"
650489,"DD77BX","S01007163","9E891077-EF45-2C71-E053-A03BA40A7146","Playing Field",30448.7756000024,88.63972,6,169979,24.4864864864865,"Less than or equal to 300m",186.544457305556,47512.1071986111,5.72222222222222,163924.388888889,1896.13645996646,"DD7 7BX","DD7","7BX","DD77BX"
650490,"DD77PZ","S01007160","9E891077-ECFF-2C71-E053-A03BA40A7146","Playing Field",30062.0715000107,261.03064,5,148008,33.44,"Less than or equal to 300m",263.133091272727,29752.1120704638,4.31818181818182,140582.681818182,3851.68948051948,"DD7 7PZ","DD7","7PZ","DD77PZ"
665859,"DD76AB","S01007165","9E891077-EF45-2C71-E053-A03BA40A7146","Playing Field",30448.7756000024,194.74342,5,139917,24.1388888888889,"Less than or equal to 300m",401.193104571429,19264.5522971436,4.42857142857143,127298.142857143,1896.13645996646,"DD7 6AB","DD7","6AB","DD76AB"
669448,"DD77SR","S01007163","9E8910C4-B66D-2C71-E053-A03BA40A7146","Public Park Or Garden",60496.9558499981,66.21933,6,169979,24.4864864864865,"Less than or equal to 300m",186.544457305556,47512.1071986111,5.72222222222222,163924.388888889,1276.97335907336,"DD7 7SR","DD7","7SR","DD77SR"
675352,"DD76HL","S01007169","9E8910C4-B66D-2C71-E053-A03BA40A7146","Public Park Or Garden",60496.9558499981,174.1551,5,139917,46.8,"Less than or equal to 300m",189.990169615385,32166.2443653853,5,139917,1276.97335907336,"DD7 6HL","DD7","6HL","DD76HL"
677822,"DD76DZ","S01007167","9E891077-EF45-2C71-E053-A03BA40A7146","Playing Field",30448.7756000024,725.45984,4,117834,35.4545454545455,"600-900m",760.808140952381,21455.2648404773,3.38095238095238,98429.7619047619,1896.13645996646,"DD7 6DZ","DD7","6DZ","DD76DZ"
681778,"DD77HH","S01007161","9E891077-EF45-2C71-E053-A03BA40A7146","Playing Field",30448.7756000024,494.98688,5,148008,26.8571428571429,"300-600m",429.760981481482,26776.3491407435,5.11111111111111,150449.222222222,1896.13645996646,"DD7 7HH","DD7","7HH","DD77HH"
684956,"DD76JD","S01007169","9E891077-EC32-2C71-E053-A03BA40A7146","Playing Field",21971.5947500013,138.36185,5,139917,46.8,"Less than or equal to 300m",189.990169615385,32166.2443653853,5,139917,2245.31161616162,"DD7 6JD","DD7","6JD","DD76JD"
697003,"DD76ES","S01007165","9E891077-EF45-2C71-E053-A03BA40A7146","Playing Field",30448.7756000024,534.21814,4,117834,24.1388888888889,"300-600m",401.193104571429,19264.5522971436,4.42857142857143,127298.142857143,1896.13645996646,"DD7 6ES","DD7","6ES","DD76ES"
697004,"DD77EH","S01007162","9E891077-FF9C-2C71-E053-A03BA40A7146","Public Park Or Garden",4917.39994999853,179.7387,5,139917,29.3333333333333,"Less than or equal to 300m",207.38075,12511.3159194431,4.88888888888889,139704.555555556,1565.69480519481,"DD7 7EH","DD7","7EH","DD77EH"
702928,"DD76AD","S01007165","9E891077-FF9C-2C71-E053-A03BA40A7146","Public Park Or Garden",4917.39994999853,195.96939,5,139917,24.1388888888889,"Less than or equal to 300m",401.193104571429,19264.5522971436,4.42857142857143,127298.142857143,1565.69480519481,"DD7 6AD","DD7","6AD","DD76AD"
702929,"DD77PA","S01007162","9E891077-FF9C-2C71-E053-A03BA40A7146","Public Park Or Garden",4917.39994999853,222.39604,5,139917,29.3333333333333,"Less than or equal to 300m",207.38075,12511.3159194431,4.88888888888889,139704.555555556,1565.69480519481,"DD7 7PA","DD7","7PA","DD77PA"
702930,"DD77SX","S01007163","9E8910C4-B66D-2C71-E053-A03BA40A7146","Public Park Or Garden",60496.9558499981,90.55385,6,169979,24.4864864864865,"Less than or equal to 300m",186.544457305556,47512.1071986111,5.72222222222222,163924.388888889,1276.97335907336,"DD7 7SX","DD7","7SX","DD77SX"
712186,"DD77HS","S01007162","9E891077-FF9C-2C71-E053-A03BA40A7146","Public Park Or Garden",4917.39994999853,224.08034,4,117945,29.3333333333333,"Less than or equal to 300m",207.38075,12511.3159194431,4.88888888888889,139704.555555556,1565.69480519481,"DD7 7HS","DD7","7HS","DD77HS"
715925,"DD77NR","S01007157","9E891077-ECFF-2C71-E053-A03BA40A7146","Playing Field",30062.0715000107,548.9226,1,30062,47.75,"300-600m",372.838871,30062.0715000107,1,30062,3851.68948051948,"DD7 7NR","DD7","7NR","DD77NR"
715926,"DD77QB","S01007160","9E891077-ECFF-2C71-E053-A03BA40A7146","Playing Field",30062.0715000107,356.89355,5,148008,33.44,"300-600m",263.133091272727,29752.1120704638,4.31818181818182,140582.681818182,3851.68948051948,"DD7 7QB","DD7","7QB","DD77QB"
724339,"DD76DS","S01007168","9E891077-EC32-2C71-E053-A03BA40A7146","Playing Field",21971.5947500013,561.2575,3,112917,66.1538461538462,"300-600m",420.423819230769,21971.5947500013,3.07692307692308,106098.307692308,2245.31161616162,"DD7 6DS","DD7","6DS","DD76DS"
724340,"DD76PA","S01007165","9E891077-FF9C-2C71-E053-A03BA40A7146","Public Park Or Garden",4917.39994999853,667.26904,4,117834,24.1388888888889,"600-900m",401.193104571429,19264.5522971436,4.42857142857143,127298.142857143,1565.69480519481,"DD7 6PA","DD7","6PA","DD76PA"
728320,"DD76JP","S01007144","9E891077-EC32-2C71-E053-A03BA40A7146","Playing Field",21971.5947500013,924.3073,1,21971,26.2727272727273,"900-1800m",953.088672580645,75434.4899951621,1.41935483870968,92220.2258064516,2245.31161616162,"DD7 6JP","DD7","6JP","DD76JP"
730032,"DD77BJ","S01007163","9E8910C4-B66D-2C71-E053-A03BA40A7146","Public Park Or Garden",60496.9558499981,352.23856,6,169979,24.4864864864865,"300-600m",186.544457305556,47512.1071986111,5.72222222222222,163924.388888889,1276.97335907336,"DD7 7BJ","DD7","7BJ","DD77BJ"
733738,"DD76AL","S01007165","9E891077-FF9C-2C71-E053-A03BA40A7146","Public Park Or Garden",4917.39994999853,339.202,4,117834,24.1388888888889,"300-600m",401.193104571429,19264.5522971436,4.42857142857143,127298.142857143,1565.69480519481,"DD7 6AL","DD7","6AL","DD76AL"
737136,"DD76DL","S01007167","9E891077-EC32-2C71-E053-A03BA40A7146","Playing Field",21971.5947500013,812.66534,4,117834,35.4545454545455,"600-900m",760.808140952381,21455.2648404773,3.38095238095238,98429.7619047619,2245.31161616162,"DD7 6DL","DD7","6DL","DD76DL"
749505,"DD77QR","S01007160","9E891077-ECFF-2C71-E053-A03BA40A7146","Playing Field",30062.0715000107,71.867935,4,143090,33.44,"Less than or equal to 300m",263.133091272727,29752.1120704638,4.31818181818182,140582.681818182,3851.68948051948,"DD7 7QR","DD7","7QR","DD77QR"
749506,"DD77UA","S01007157","9E891077-ECFF-2C71-E053-A03BA40A7146","Playing Field",30062.0715000107,418.29773,1,30062,47.75,"300-600m",372.838871,30062.0715000107,1,30062,3851.68948051948,"DD7 7UA","DD7","7UA","DD77UA"
758911,"DD77AY","S01007164","9E891077-EF45-2C71-E053-A03BA40A7146","Playing Field",30448.7756000024,151.82227,5,139917,23.7916666666667,"Less than or equal to 300m",196.486049545455,36733.3183000002,5.45454545454545,153581.545454545,1896.13645996646,"DD7 7AY","DD7","7AY","DD77AY"
765997,"DD76AZ","S01007166","9E891077-FF9C-2C71-E053-A03BA40A7146","Public Park Or Garden",4917.39994999853,866.80853,3,95863,27.25,"600-900m",854.949475217391,9366.32033260794,2.73913043478261,77489.6086956522,1565.69480519481,"DD7 6AZ","DD7","6AZ","DD76AZ"
768705,"DD77EQ","S01007161","9E891077-EF45-2C71-E053-A03BA40A7146","Playing Field",30448.7756000024,381.53638,5,148008,26.8571428571429,"300-600m",429.760981481482,26776.3491407435,5.11111111111111,150449.222222222,1896.13645996646,"DD7 7EQ","DD7","7EQ","DD77EQ"
771187,"DD77QA","S01007160","9E891077-ECFF-2C71-E053-A03BA40A7146","Playing Field",30062.0715000107,262.787,4,143090,33.44,"Less than or equal to 300m",263.133091272727,29752.1120704638,4.31818181818182,140582.681818182,3851.68948051948,"DD7 7QA","DD7","7QA","DD77QA"
790264,"DD76EH","S01007165","9E891077-EF45-2C71-E053-A03BA40A7146","Playing Field",30448.7756000024,419.11932,5,139917,24.1388888888889,"300-600m",401.193104571429,19264.5522971436,4.42857142857143,127298.142857143,1896.13645996646,"DD7 6EH","DD7","6EH","DD76EH"
796200,"DD77JX","S01007158","9E891077-ECFF-2C71-E053-A03BA40A7146","Playing Field",30062.0715000107,309.93063,3,121007,63.5,"300-600m",334.881498571428,30062.0715000107,1.14285714285714,36558.0714285714,3851.68948051948,"DD7 7JX","DD7","7JX","DD77JX"
801130,"DD77AT","S01007164","9E891077-EF45-2C71-E053-A03BA40A7146","Playing Field",30448.7756000024,94.02127,6,169979,23.7916666666667,"Less than or equal to 300m",196.486049545455,36733.3183000002,5.45454545454545,153581.545454545,1896.13645996646,"DD7 7AT","DD7","7AT","DD77AT"
801131,"DD77BH","S01007163","9E8910C4-B66D-2C71-E053-A03BA40A7146","Public Park Or Garden",60496.9558499981,384.95975,5,148008,24.4864864864865,"300-600m",186.544457305556,47512.1071986111,5.72222222222222,163924.388888889,1276.97335907336,"DD7 7BH","DD7","7BH","DD77BH"
805400,"DD76DH","S01007165","9E891077-EF45-2C71-E053-A03BA40A7146","Playing Field",30448.7756000024,568.41003,4,117834,24.1388888888889,"300-600m",401.193104571429,19264.5522971436,4.42857142857143,127298.142857143,1896.13645996646,"DD7 6DH","DD7","6DH","DD76DH"
805401,"DD77AW","S01007163","9E8910C4-B66D-2C71-E053-A03BA40A7146","Public Park Or Garden",60496.9558499981,39.319206,6,169979,24.4864864864865,"Less than or equal to 300m",186.544457305556,47512.1071986111,5.72222222222222,163924.388888889,1276.97335907336,"DD7 7AW","DD7","7AW","DD77AW"
809082,"DD77HD","S01007159","9E891077-ECFF-2C71-E053-A03BA40A7146","Playing Field",30062.0715000107,410.56668,5,148008,24.1590909090909,"300-600m",309.52626435,30071.7391025104,3.9,131365.5,3851.68948051948,"DD7 7HD","DD7","7HD","DD77HD"
814928,"DD76AE","S01007165","9E891077-FF9C-2C71-E053-A03BA40A7146","Public Park Or Garden",4917.39994999853,230.27374,5,139917,24.1388888888889,"Less than or equal to 300m",401.193104571429,19264.5522971436,4.42857142857143,127298.142857143,1565.69480519481,"DD7 6AE","DD7","6AE","DD76AE"
819417,"DD77LD","S01007158","9E891077-ECFF-2C71-E053-A03BA40A7146","Playing Field",30062.0715000107,142.66745,1,30062,63.5,"Less than or equal to 300m",334.881498571428,30062.0715000107,1.14285714285714,36558.0714285714,3851.68948051948,"DD7 7LD","DD7","7LD","DD77LD"
827733,"DD76JA","S01007169","9E891077-EC32-2C71-E053-A03BA40A7146","Playing Field",21971.5947500013,240.18535,5,139917,46.8,"Less than or equal to 300m",189.990169615385,32166.2443653853,5,139917,2245.31161616162,"DD7 6JA","DD7","6JA","DD76JA"
834723,"DD77NL","S01007159","9E891077-ECFF-2C71-E053-A03BA40A7146","Playing Field",30062.0715000107,261.27573,1,30062,24.1590909090909,"Less than or equal to 300m",309.52626435,30071.7391025104,3.9,131365.5,3851.68948051948,"DD7 7NL","DD7","7NL","DD77NL"
836721,"DD76GP","S01007143","9E891077-EC32-2C71-E053-A03BA40A7146","Playing Field",21971.5947500013,233.31096,4,135000,57.75,"Less than or equal to 300m",171.003693916667,41252.8181333335,4.75,140783.166666667,2245.31161616162,"DD7 6GP","DD7","6GP","DD76GP"
836722,"DD76GX","S01007143","9E891077-EC32-2C71-E053-A03BA40A7146","Playing Field",21971.5947500013,191.5646,5,139917,57.75,"Less than or equal to 300m",171.003693916667,41252.8181333335,4.75,140783.166666667,2245.31161616162,"DD7 6GX","DD7","6GX","DD76GX"
836723,"DD77PP","S01007163","9E891077-EF45-2C71-E053-A03BA40A7146","Playing Field",30448.7756000024,311.13983,5,148008,24.4864864864865,"300-600m",186.544457305556,47512.1071986111,5.72222222222222,163924.388888889,1896.13645996646,"DD7 7PP","DD7","7PP","DD77PP"
842810,"DD76BP","S01007166","9E891077-FF9C-2C71-E053-A03BA40A7146","Public Park Or Garden",4917.39994999853,827.4932,4,117834,27.25,"600-900m",854.949475217391,9366.32033260794,2.73913043478261,77489.6086956522,1565.69480519481,"DD7 6BP","DD7","6BP","DD76BP"
858883,"DD76BF","S01007144","9E891077-EC32-2C71-E053-A03BA40A7146","Playing Field",21971.5947500013,483.49768,2,82468,26.2727272727273,"300-600m",953.088672580645,75434.4899951621,1.41935483870968,92220.2258064516,2245.31161616162,"DD7 6BF","DD7","6BF","DD76BF"
858884,"DD77JG","S01007161","9E891077-FF9C-2C71-E053-A03BA40A7146","Public Park Or Garden",4917.39994999853,433.2782,5,148008,26.8571428571429,"300-600m",429.760981481482,26776.3491407435,5.11111111111111,150449.222222222,1565.69480519481,"DD7 7JG","DD7","7JG","DD77JG"
869414,"DD76BW","S01007167","9E891077-EF45-2C71-E053-A03BA40A7146","Playing Field",30448.7756000024,734.34393,4,117834,35.4545454545455,"600-900m",760.808140952381,21455.2648404773,3.38095238095238,98429.7619047619,1896.13645996646,"DD7 6BW","DD7","6BW","DD76BW"
879887,"DD76JG","S01007168","9E891077-EC32-2C71-E053-A03BA40A7146","Playing Field",21971.5947500013,552.0009,1,21971,66.1538461538462,"300-600m",420.423819230769,21971.5947500013,3.07692307692308,106098.307692308,2245.31161616162,"DD7 6JG","DD7","6JG","DD76JG"
883087,"DD76HY","S01007168","9E891077-EC32-2C71-E053-A03BA40A7146","Playing Field",21971.5947500013,369.08807,3,112917,66.1538461538462,"300-600m",420.423819230769,21971.5947500013,3.07692307692308,106098.307692308,2245.31161616162,"DD7 6HY","DD7","6HY","DD76HY"
894054,"DD76DW","S01007167","9E891077-EC32-2C71-E053-A03BA40A7146","Playing Field",21971.5947500013,846.35333,4,117834,35.4545454545455,"600-900m",760.808140952381,21455.2648404773,3.38095238095238,98429.7619047619,2245.31161616162,"DD7 6DW","DD7","6DW","DD76DW"
898419,"DD77LH","S01007158","9E891077-ECFF-2C71-E053-A03BA40A7146","Playing Field",30062.0715000107,166.3881,1,30062,63.5,"Less than or equal to 300m",334.881498571428,30062.0715000107,1.14285714285714,36558.0714285714,3851.68948051948,"DD7 7LH","DD7","7LH","DD77LH"
902100,"DD76DN","S01007167","9E891077-EC32-2C71-E053-A03BA40A7146","Playing Field",21971.5947500013,793.6202,4,117834,35.4545454545455,"600-900m",760.808140952381,21455.2648404773,3.38095238095238,98429.7619047619,2245.31161616162,"DD7 6DN","DD7","6DN","DD76DN"
908089,"DD76HA","S01007169","9E891077-EC32-2C71-E053-A03BA40A7146","Playing Field",21971.5947500013,419.3197,5,139917,46.8,"300-600m",189.990169615385,32166.2443653853,5,139917,2245.31161616162,"DD7 6HA","DD7","6HA","DD76HA"
908090,"DD76LT","S01007144","9E89103C-10F0-2C71-E053-A03BA40A7146","Public Park Or Garden",2851.15199999771,196.57568,1,2851,26.2727272727273,"Less than or equal to 300m",953.088672580645,75434.4899951621,1.41935483870968,92220.2258064516,385.309090909091,"DD7 6LT","DD7","6LT","DD76LT"
908091,"DD77EP","S01007162","9E8910C4-B66D-2C71-E053-A03BA40A7146","Public Park Or Garden",60496.9558499981,321.84003,6,169979,29.3333333333333,"300-600m",207.38075,12511.3159194431,4.88888888888889,139704.555555556,1276.97335907336,"DD7 7EP","DD7","7EP","DD77EP"
910459,"DD76BR","S01007166","9E891077-FF9C-2C71-E053-A03BA40A7146","Public Park Or Garden",4917.39994999853,934.724,4,117834,27.25,"900-1800m",854.949475217391,9366.32033260794,2.73913043478261,77489.6086956522,1565.69480519481,"DD7 6BR","DD7","6BR","DD76BR"
912557,"DD76BT","S01007167","9E891077-FF9C-2C71-E053-A03BA40A7146","Public Park Or Garden",4917.39994999853,770.2376,4,117834,35.4545454545455,"600-900m",760.808140952381,21455.2648404773,3.38095238095238,98429.7619047619,1565.69480519481,"DD7 6BT","DD7","6BT","DD76BT"
935601,"DD77NY","S01007156","9E891077-ECFF-2C71-E053-A03BA40A7146","Playing Field",30062.0715000107,388.70297,1,30062,52,"300-600m",772.20523,30062.0715000107,1,30062,3851.68948051948,"DD7 7NY","DD7","7NY","DD77NY"
940567,"DD76GJ","S01007143","9E8911BC-1915-2C71-E053-A03BA40A7146","Playing Field",22082.8517500042,247.29132,4,135000,57.75,"Less than or equal to 300m",171.003693916667,41252.8181333335,4.75,140783.166666667,250.458427518428,"DD7 6GJ","DD7","6GJ","DD76GJ"
944850,"DD77RA","S01007160","9E891077-ECFF-2C71-E053-A03BA40A7146","Playing Field",30062.0715000107,184.20097,4,143090,33.44,"Less than or equal to 300m",263.133091272727,29752.1120704638,4.31818181818182,140582.681818182,3851.68948051948,"DD7 7RA","DD7","7RA","DD77RA"
944851,"DD77ST","S01007143","9E8910C4-B66D-2C71-E053-A03BA40A7146","Public Park Or Garden",60496.9558499981,39.59798,6,169979,57.75,"Less than or equal to 300m",171.003693916667,41252.8181333335,4.75,140783.166666667,1276.97335907336,"DD7 7ST","DD7","7ST","DD77ST"
948556,"DD77BN","S01007163","9E8910C4-B66D-2C71-E053-A03BA40A7146","Public Park Or Garden",60496.9558499981,216.5202,6,169979,24.4864864864865,"Less than or equal to 300m",186.544457305556,47512.1071986111,5.72222222222222,163924.388888889,1276.97335907336,"DD7 7BN","DD7","7BN","DD77BN"
948557,"DD77PG","S01007161","9E891077-EF45-2C71-E053-A03BA40A7146","Playing Field",30448.7756000024,274.18423,6,169979,26.8571428571429,"Less than or equal to 300m",429.760981481482,26776.3491407435,5.11111111111111,150449.222222222,1896.13645996646,"DD7 7PG","DD7","7PG","DD77PG"
948558,"DD77RD","S01007162","9E891077-FF9C-2C71-E053-A03BA40A7146","Public Park Or Garden",4917.39994999853,271.8106,5,139917,29.3333333333333,"Less than or equal to 300m",207.38075,12511.3159194431,4.88888888888889,139704.555555556,1565.69480519481,"DD7 7RD","DD7","7RD","DD77RD"
951789,"DD77DD","S01007163","9E8910C4-B66D-2C71-E053-A03BA40A7146","Public Park Or Garden",60496.9558499981,207.63911,6,169979,24.4864864864865,"Less than or equal to 300m",186.544457305556,47512.1071986111,5.72222222222222,163924.388888889,1276.97335907336,"DD7 7DD","DD7","7DD","DD77DD"
951790,"DD77HW","S01007159","9E891077-ECFF-2C71-E053-A03BA40A7146","Playing Field",30062.0715000107,365.30807,3,121007,24.1590909090909,"300-600m",309.52626435,30071.7391025104,3.9,131365.5,3851.68948051948,"DD7 7HW","DD7","7HW","DD77HW"
951791,"DD77PQ","S01007160","9E891077-EF45-2C71-E053-A03BA40A7146","Playing Field",30448.7756000024,364.9685,5,148008,33.44,"300-600m",263.133091272727,29752.1120704638,4.31818181818182,140582.681818182,1896.13645996646,"DD7 7PQ","DD7","7PQ","DD77PQ"
957036,"DD77AQ","S01007164","9E891077-EF45-2C71-E053-A03BA40A7146","Playing Field",30448.7756000024,120.93387,6,169979,23.7916666666667,"Less than or equal to 300m",196.486049545455,36733.3183000002,5.45454545454545,153581.545454545,1896.13645996646,"DD7 7AQ","DD7","7AQ","DD77AQ"
964037,"DD77BG","S01007163","9E8910C4-B66D-2C71-E053-A03BA40A7146","Public Park Or Garden",60496.9558499981,267.3668,6,169979,24.4864864864865,"Less than or equal to 300m",186.544457305556,47512.1071986111,5.72222222222222,163924.388888889,1276.97335907336,"DD7 7BG","DD7","7BG","DD77BG"
965284,"DD77GY","S01007159","9E891077-ECFF-2C71-E053-A03BA40A7146","Playing Field",30062.0715000107,398.2085,3,121007,24.1590909090909,"300-600m",309.52626435,30071.7391025104,3.9,131365.5,3851.68948051948,"DD7 7GY","DD7","7GY","DD77GY"
971824,"DD76BB","S01007166","9E891077-FF9C-2C71-E053-A03BA40A7146","Public Park Or Garden",4917.39994999853,942.1916,1,4917,27.25,"900-1800m",854.949475217391,9366.32033260794,2.73913043478261,77489.6086956522,1565.69480519481,"DD7 6BB","DD7","6BB","DD76BB"
971825,"DD76LN","S01007144","9E89103C-10F0-2C71-E053-A03BA40A7146","Public Park Or Garden",2851.15199999771,94.00532,1,2851,26.2727272727273,"Less than or equal to 300m",953.088672580645,75434.4899951621,1.41935483870968,92220.2258064516,385.309090909091,"DD7 6LN","DD7","6LN","DD76LN"
973171,"DD77NA","S01007159","9E891077-ECFF-2C71-E053-A03BA40A7146","Playing Field",30062.0715000107,247.96976,4,143090,24.1590909090909,"Less than or equal to 300m",309.52626435,30071.7391025104,3.9,131365.5,3851.68948051948,"DD7 7NA","DD7","7NA","DD77NA"
976018,"DD77AF","S01007164","9E8910C4-B66D-2C71-E053-A03BA40A7146","Public Park Or Garden",60496.9558499981,240.70937,5,139917,23.7916666666667,"Less than or equal to 300m",196.486049545455,36733.3183000002,5.45454545454545,153581.545454545,1276.97335907336,"DD7 7AF","DD7","7AF","DD77AF"
976019,"DD77EB","S01007164","9E891077-FF9C-2C71-E053-A03BA40A7146","Public Park Or Garden",4917.39994999853,208.13698,5,139917,23.7916666666667,"Less than or equal to 300m",196.486049545455,36733.3183000002,5.45454545454545,153581.545454545,1565.69480519481,"DD7 7EB","DD7","7EB","DD77EB"
982090,"DD77LX","S01007159","9E891077-ECFF-2C71-E053-A03BA40A7146","Playing Field",30062.0715000107,205.64532,4,143090,24.1590909090909,"Less than or equal to 300m",309.52626435,30071.7391025104,3.9,131365.5,3851.68948051948,"DD7 7LX","DD7","7LX","DD77LX"
995182,"DD76ER","S01007167","9E891077-EC32-2C71-E053-A03BA40A7146","Playing Field",21971.5947500013,570.7618,4,117834,35.4545454545455,"300-600m",760.808140952381,21455.2648404773,3.38095238095238,98429.7619047619,2245.31161616162,"DD7 6ER","DD7","6ER","DD76ER"
995183,"DD76GH","S01007143","9E8910C4-B66D-2C71-E053-A03BA40A7146","Public Park Or Garden",60496.9558499981,167.37085,5,139917,57.75,"Less than or equal to 300m",171.003693916667,41252.8181333335,4.75,140783.166666667,1276.97335907336,"DD7 6GH","DD7","6GH","DD76GH"
995184,"DD77AJ","S01007164","9E891077-EF45-2C71-E053-A03BA40A7146","Playing Field",30448.7756000024,191.16747,5,139917,23.7916666666667,"Less than or equal to 300m",196.486049545455,36733.3183000002,5.45454545454545,153581.545454545,1896.13645996646,"DD7 7AJ","DD7","7AJ","DD77AJ"
1007482,"DD76BZ","S01007165","9E891077-FF9C-2C71-E053-A03BA40A7146","Public Park Or Garden",4917.39994999853,707.81494,4,117834,24.1388888888889,"600-900m",401.193104571429,19264.5522971436,4.42857142857143,127298.142857143,1565.69480519481,"DD7 6BZ","DD7","6BZ","DD76BZ"
1009103,"DD76LU","S01007140","9E891077-C573-2C71-E053-A03BA40A7146","Public Park Or Garden",269131.98054999,836.3373,1,269131,47.5416666666667,"600-900m",690.711085434783,649030.286515209,1,649029.608695652,373.226515151515,"DD7 6LU","DD7","6LU","DD76LU"
1011829,"DD77EN","S01007161","9E8910C4-B66D-2C71-E053-A03BA40A7146","Public Park Or Garden",60496.9558499981,307.52722,6,169979,26.8571428571429,"300-600m",429.760981481482,26776.3491407435,5.11111111111111,150449.222222222,1276.97335907336,"DD7 7EN","DD7","7EN","DD77EN"
1012852,"DD77PY","S01007160","9E891077-ECFF-2C71-E053-A03BA40A7146","Playing Field",30062.0715000107,345.44174,5,148008,33.44,"300-600m",263.133091272727,29752.1120704638,4.31818181818182,140582.681818182,3851.68948051948,"DD7 7PY","DD7","7PY","DD77PY"
1017933,"DD77LU","S01007159","9E891077-ECFF-2C71-E053-A03BA40A7146","Playing Field",30062.0715000107,214.11446,4,143090,24.1590909090909,"Less than or equal to 300m",309.52626435,30071.7391025104,3.9,131365.5,3851.68948051948,"DD7 7LU","DD7","7LU","DD77LU"
1033447,"DD77BR","S01007163","9E8910C4-B66D-2C71-E053-A03BA40A7146","Public Park Or Garden",60496.9558499981,181.43042,6,169979,24.4864864864865,"Less than or equal to 300m",186.544457305556,47512.1071986111,5.72222222222222,163924.388888889,1276.97335907336,"DD7 7BR","DD7","7BR","DD77BR"
1033448,"DD77QZ","S01007164","9E891077-EF45-2C71-E053-A03BA40A7146","Playing Field",30448.7756000024,160.25293,6,169979,23.7916666666667,"Less than or equal to 300m",196.486049545455,36733.3183000002,5.45454545454545,153581.545454545,1896.13645996646,"DD7 7QZ","DD7","7QZ","DD77QZ"
1044870,"DD76DG","S01007165","9E891077-FF9C-2C71-E053-A03BA40A7146","Public Park Or Garden",4917.39994999853,612.55206,4,117834,24.1388888888889,"600-900m",401.193104571429,19264.5522971436,4.42857142857143,127298.142857143,1565.69480519481,"DD7 6DG","DD7","6DG","DD76DG"
1066110,"DD77QG","S01007160","9E891077-ECFF-2C71-E053-A03BA40A7146","Playing Field",30062.0715000107,228.10744,4,143090,33.44,"Less than or equal to 300m",263.133091272727,29752.1120704638,4.31818181818182,140582.681818182,3851.68948051948,"DD7 7QG","DD7","7QG","DD77QG"
1075001,"DD77QF","S01007160","9E891077-ECFF-2C71-E053-A03BA40A7146","Playing Field",30062.0715000107,223.43231,4,143090,33.44,"Less than or equal to 300m",263.133091272727,29752.1120704638,4.31818181818182,140582.681818182,3851.68948051948,"DD7 7QF","DD7","7QF","DD77QF"
1079984,"DD76HX","S01007168","9E891077-EC32-2C71-E053-A03BA40A7146","Playing Field",21971.5947500013,261.69064,4,135000,66.1538461538462,"Less than or equal to 300m",420.423819230769,21971.5947500013,3.07692307692308,106098.307692308,2245.31161616162,"DD7 6HX","DD7","6HX","DD76HX"
1084170,"DD77PL","S01007161","9E891077-EF45-2C71-E053-A03BA40A7146","Playing Field",30448.7756000024,330.40884,5,148008,26.8571428571429,"300-600m",429.760981481482,26776.3491407435,5.11111111111111,150449.222222222,1896.13645996646,"DD7 7PL","DD7","7PL","DD77PL"
1096035,"DD77LE","S01007158","9E891077-ECFF-2C71-E053-A03BA40A7146","Playing Field",30062.0715000107,178.08424,1,30062,63.5,"Less than or equal to 300m",334.881498571428,30062.0715000107,1.14285714285714,36558.0714285714,3851.68948051948,"DD7 7LE","DD7","7LE","DD77LE"
1105320,"DD77JY","S01007158","9E891077-ECFF-2C71-E053-A03BA40A7146","Playing Field",30062.0715000107,403.1935,1,30062,63.5,"300-600m",334.881498571428,30062.0715000107,1.14285714285714,36558.0714285714,3851.68948051948,"DD7 7JY","DD7","7JY","DD77JY"
1112408,"DD77GZ","S01007159","9E891077-ECFF-2C71-E053-A03BA40A7146","Playing Field",30062.0715000107,462.4035,1,30062,24.1590909090909,"300-600m",309.52626435,30071.7391025104,3.9,131365.5,3851.68948051948,"DD7 7GZ","DD7","7GZ","DD77GZ"
1130414,"DD77HP","S01007161","9E891077-EF45-2C71-E053-A03BA40A7146","Playing Field",30448.7756000024,428.00467,5,148008,26.8571428571429,"300-600m",429.760981481482,26776.3491407435,5.11111111111111,150449.222222222,1896.13645996646,"DD7 7HP","DD7","7HP","DD77HP"
1130415,"DD77LQ","S01007159","9E891077-ECFF-2C71-E053-A03BA40A7146","Playing Field",30062.0715000107,186.8181,4,143090,24.1590909090909,"Less than or equal to 300m",309.52626435,30071.7391025104,3.9,131365.5,3851.68948051948,"DD7 7LQ","DD7","7LQ","DD77LQ"
1134098,"DD76BN","S01007166","9E891077-FF9C-2C71-E053-A03BA40A7146","Public Park Or Garden",4917.39994999853,756.7965,4,117834,27.25,"600-900m",854.949475217391,9366.32033260794,2.73913043478261,77489.6086956522,1565.69480519481,"DD7 6BN","DD7","6BN","DD76BN"
1140041,"DD76GZ","S01007143","9E8910C4-B66D-2C71-E053-A03BA40A7146","Public Park Or Garden",60496.9558499981,245.7336,5,139917,57.75,"Less than or equal to 300m",171.003693916667,41252.8181333335,4.75,140783.166666667,1276.97335907336,"DD7 6GZ","DD7","6GZ","DD76GZ"
1140042,"DD77HT","S01007162","9E891077-FF9C-2C71-E053-A03BA40A7146","Public Park Or Garden",4917.39994999853,108.20813,5,139917,29.3333333333333,"Less than or equal to 300m",207.38075,12511.3159194431,4.88888888888889,139704.555555556,1565.69480519481,"DD7 7HT","DD7","7HT","DD77HT"
1155120,"DD76AU","S01007166","9E891077-FF9C-2C71-E053-A03BA40A7146","Public Park Or Garden",4917.39994999853,821.77,3,95863,27.25,"600-900m",854.949475217391,9366.32033260794,2.73913043478261,77489.6086956522,1565.69480519481,"DD7 6AU","DD7","6AU","DD76AU"
1158764,"DD76LW","S01007140","9E891077-C573-2C71-E053-A03BA40A7146","Public Park Or Garden",269131.98054999,618.7124,1,269131,47.5416666666667,"600-900m",690.711085434783,649030.286515209,1,649029.608695652,373.226515151515,"DD7 6LW","DD7","6LW","DD76LW"
1161472,"DD76AR","S01007165","9E891077-FF9C-2C71-E053-A03BA40A7146","Public Park Or Garden",4917.39994999853,397.7248,4,117834,24.1388888888889,"300-600m",401.193104571429,19264.5522971436,4.42857142857143,127298.142857143,1565.69480519481,"DD7 6AR","DD7","6AR","DD76AR"
1161473,"DD76DR","S01007167","9E891077-EC32-2C71-E053-A03BA40A7146","Playing Field",21971.5947500013,662.59265,4,117834,35.4545454545455,"600-900m",760.808140952381,21455.2648404773,3.38095238095238,98429.7619047619,2245.31161616162,"DD7 6DR","DD7","6DR","DD76DR"
1161474,"DD77BA","S01007163","9E891077-EF45-2C71-E053-A03BA40A7146","Playing Field",30448.7756000024,47.707443,5,139917,24.4864864864865,"Less than or equal to 300m",186.544457305556,47512.1071986111,5.72222222222222,163924.388888889,1896.13645996646,"DD7 7BA","DD7","7BA","DD77BA"
1161475,"DD77JL","S01007161","9E891077-ECFF-2C71-E053-A03BA40A7146","Playing Field",30062.0715000107,583.8099,5,148008,26.8571428571429,"300-600m",429.760981481482,26776.3491407435,5.11111111111111,150449.222222222,3851.68948051948,"DD7 7JL","DD7","7JL","DD77JL"
1172538,"DD76GQ","S01007143","9E891077-EC32-2C71-E053-A03BA40A7146","Playing Field",21971.5947500013,43.931767,4,135000,57.75,"Less than or equal to 300m",171.003693916667,41252.8181333335,4.75,140783.166666667,2245.31161616162,"DD7 6GQ","DD7","6GQ","DD76GQ"
1176908,"DD77JA","S01007162","9E891077-FF9C-2C71-E053-A03BA40A7146","Public Park Or Garden",4917.39994999853,137.64084,5,139917,29.3333333333333,"Less than or equal to 300m",207.38075,12511.3159194431,4.88888888888889,139704.555555556,1565.69480519481,"DD7 7JA","DD7","7JA","DD77JA"
1180564,"DD77PD","S01007164","9E891077-FF9C-2C71-E053-A03BA40A7146","Public Park Or Garden",4917.39994999853,266.71707,5,139917,23.7916666666667,"Less than or equal to 300m",196.486049545455,36733.3183000002,5.45454545454545,153581.545454545,1565.69480519481,"DD7 7PD","DD7","7PD","DD77PD"
1186405,"DD76EP","S01007167","9E891077-EF45-2C71-E053-A03BA40A7146","Playing Field",30448.7756000024,622.6299,4,117834,35.4545454545455,"600-900m",760.808140952381,21455.2648404773,3.38095238095238,98429.7619047619,1896.13645996646,"DD7 6EP","DD7","6EP","DD76EP"
1186406,"DD77HG","S01007161","9E891077-EF45-2C71-E053-A03BA40A7146","Playing Field",30448.7756000024,516.0155,5,148008,26.8571428571429,"300-600m",429.760981481482,26776.3491407435,5.11111111111111,150449.222222222,1896.13645996646,"DD7 7HG","DD7","7HG","DD77HG"
1186407,"DD77LF","S01007159","9E891077-ECFF-2C71-E053-A03BA40A7146","Playing Field",30062.0715000107,496.73535,3,121007,24.1590909090909,"300-600m",309.52626435,30071.7391025104,3.9,131365.5,3851.68948051948,"DD7 7LF","DD7","7LF","DD77LF"
1188723,"DD77NE","S01007159","9E891077-ECFF-2C71-E053-A03BA40A7146","Playing Field",30062.0715000107,375.28122,5,148008,24.1590909090909,"300-600m",309.52626435,30071.7391025104,3.9,131365.5,3851.68948051948,"DD7 7NE","DD7","7NE","DD77NE"
1190929,"DD77TB","S01007158","9E891077-ECFF-2C71-E053-A03BA40A7146","Playing Field",30062.0715000107,524.0229,1,30062,63.5,"300-600m",334.881498571428,30062.0715000107,1.14285714285714,36558.0714285714,3851.68948051948,"DD7 7TB","DD7","7TB","DD77TB"
1207879,"DD77EE","S01007162","9E891077-FF9C-2C71-E053-A03BA40A7146","Public Park Or Garden",4917.39994999853,186.76189,5,139917,29.3333333333333,"Less than or equal to 300m",207.38075,12511.3159194431,4.88888888888889,139704.555555556,1565.69480519481,"DD7 7EE","DD7","7EE","DD77EE"
1207880,"DD77GW","S01007159","9E891077-ECFF-2C71-E053-A03BA40A7146","Playing Field",30062.0715000107,361.38623,3,121007,24.1590909090909,"300-600m",309.52626435,30071.7391025104,3.9,131365.5,3851.68948051948,"DD7 7GW","DD7","7GW","DD77GW"
1213795,"DD76GL","S01007143","9E8911BC-1915-2C71-E053-A03BA40A7146","Playing Field",22082.8517500042,158.90248,4,135000,57.75,"Less than or equal to 300m",171.003693916667,41252.8181333335,4.75,140783.166666667,250.458427518428,"DD7 6GL","DD7","6GL","DD76GL"
1213796,"DD77SL","S01007144","9E8911BC-1915-2C71-E053-A03BA40A7146","Playing Field",22082.8517500042,61.91123,5,165062,26.2727272727273,"Less than or equal to 300m",953.088672580645,75434.4899951621,1.41935483870968,92220.2258064516,250.458427518428,"DD7 7SL","DD7","7SL","DD77SL"
1218916,"DD76EL","S01007165","9E891077-EF45-2C71-E053-A03BA40A7146","Playing Field",30448.7756000024,536.3367,4,117834,24.1388888888889,"300-600m",401.193104571429,19264.5522971436,4.42857142857143,127298.142857143,1896.13645996646,"DD7 6EL","DD7","6EL","DD76EL"
1223198,"DD76DB","S01007165","9E891077-EF45-2C71-E053-A03BA40A7146","Playing Field",30448.7756000024,597.4454,4,117834,24.1388888888889,"300-600m",401.193104571429,19264.5522971436,4.42857142857143,127298.142857143,1896.13645996646,"DD7 6DB","DD7","6DB","DD76DB"
1223199,"DD76LQ","S01007144","9E89103C-10F0-2C71-E053-A03BA40A7146","Public Park Or Garden",2851.15199999771,296.76926,1,2851,26.2727272727273,"Less than or equal to 300m",953.088672580645,75434.4899951621,1.41935483870968,92220.2258064516,385.309090909091,"DD7 6LQ","DD7","6LQ","DD76LQ"
1232944,"DD77ND","S01007159","9E891077-ECFF-2C71-E053-A03BA40A7146","Playing Field",30062.0715000107,344.57654,5,148008,24.1590909090909,"300-600m",309.52626435,30071.7391025104,3.9,131365.5,3851.68948051948,"DD7 7ND","DD7","7ND","DD77ND"
1235274,"DD77NF","S01007159","9E891077-ECFF-2C71-E053-A03BA40A7146","Playing Field",30062.0715000107,278.7759,4,143090,24.1590909090909,"Less than or equal to 300m",309.52626435,30071.7391025104,3.9,131365.5,3851.68948051948,"DD7 7NF","DD7","7NF","DD77NF"
1242320,"DD77AD","S01007164","9E891077-FF9C-2C71-E053-A03BA40A7146","Public Park Or Garden",4917.39994999853,276.15393,5,139917,23.7916666666667,"Less than or equal to 300m",196.486049545455,36733.3183000002,5.45454545454545,153581.545454545,1565.69480519481,"DD7 7AD","DD7","7AD","DD77AD"
1247308,"DD76HS","S01007168","9E891077-EC32-2C71-E053-A03BA40A7146","Playing Field",21971.5947500013,245.31204,4,135000,66.1538461538462,"Less than or equal to 300m",420.423819230769,21971.5947500013,3.07692307692308,106098.307692308,2245.31161616162,"DD7 6HS","DD7","6HS","DD76HS"
1250172,"DD77RN","S01007156","9E891077-ECFF-2C71-E053-A03BA40A7146","Playing Field",30062.0715000107,642.70056,1,30062,52,"600-900m",772.20523,30062.0715000107,1,30062,3851.68948051948,"DD7 7RN","DD7","7RN","DD77RN"
1252143,"DD77NU","S01007156","9E891077-ECFF-2C71-E053-A03BA40A7146","Playing Field",30062.0715000107,562.65173,1,30062,52,"300-600m",772.20523,30062.0715000107,1,30062,3851.68948051948,"DD7 7NU","DD7","7NU","DD77NU"
1265387,"DD76HH","S01007169","9E891077-EF45-2C71-E053-A03BA40A7146","Playing Field",30448.7756000024,110.145355,5,139917,46.8,"Less than or equal to 300m",189.990169615385,32166.2443653853,5,139917,1896.13645996646,"DD7 6HH","DD7","6HH","DD76HH"
1265388,"DD77HQ","S01007161","9E891077-FF9C-2C71-E053-A03BA40A7146","Public Park Or Garden",4917.39994999853,425.0706,5,148008,26.8571428571429,"300-600m",429.760981481482,26776.3491407435,5.11111111111111,150449.222222222,1565.69480519481,"DD7 7HQ","DD7","7HQ","DD77HQ"
1273458,"DD76DD","S01007166","9E891077-FF9C-2C71-E053-A03BA40A7146","Public Park Or Garden",4917.39994999853,518.17084,4,117834,27.25,"300-600m",854.949475217391,9366.32033260794,2.73913043478261,77489.6086956522,1565.69480519481,"DD7 6DD","DD7","6DD","DD76DD"
1273459,"DD77AE","S01007164","9E8910C4-B66D-2C71-E053-A03BA40A7146","Public Park Or Garden",60496.9558499981,260.15573,5,139917,23.7916666666667,"Less than or equal to 300m",196.486049545455,36733.3183000002,5.45454545454545,153581.545454545,1276.97335907336,"DD7 7AE","DD7","7AE","DD77AE"
1276658,"DD76BX","S01007167","9E891077-FF9C-2C71-E053-A03BA40A7146","Public Park Or Garden",4917.39994999853,743.4978,4,117834,35.4545454545455,"600-900m",760.808140952381,21455.2648404773,3.38095238095238,98429.7619047619,1565.69480519481,"DD7 6BX","DD7","6BX","DD76BX"
1279447,"DD76EY","S01007169","9E891077-EC32-2C71-E053-A03BA40A7146","Playing Field",21971.5947500013,159.76546,5,139917,46.8,"Less than or equal to 300m",189.990169615385,32166.2443653853,5,139917,2245.31161616162,"DD7 6EY","DD7","6EY","DD76EY"
1279448,"DD77DH","S01007160","9E8911BC-1915-2C71-E053-A03BA40A7146","Playing Field",22082.8517500042,273.38068,5,165062,33.44,"Less than or equal to 300m",263.133091272727,29752.1120704638,4.31818181818182,140582.681818182,250.458427518428,"DD7 7DH","DD7","7DH","DD77DH"
1281843,"DD77SN","S01007163","9E8910C4-B66D-2C71-E053-A03BA40A7146","Public Park Or Garden",60496.9558499981,37.802116,6,169979,24.4864864864865,"Less than or equal to 300m",186.544457305556,47512.1071986111,5.72222222222222,163924.388888889,1276.97335907336,"DD7 7SN","DD7","7SN","DD77SN"
1283925,"DD76JJ","S01007144","9E891077-EC32-2C71-E053-A03BA40A7146","Playing Field",21971.5947500013,375.60086,3,112917,26.2727272727273,"300-600m",953.088672580645,75434.4899951621,1.41935483870968,92220.2258064516,2245.31161616162,"DD7 6JJ","DD7","6JJ","DD76JJ"
1288831,"DD77AG","S01007164","9E8910C4-B66D-2C71-E053-A03BA40A7146","Public Park Or Garden",60496.9558499981,207.69449,6,169979,23.7916666666667,"Less than or equal to 300m",196.486049545455,36733.3183000002,5.45454545454545,153581.545454545,1276.97335907336,"DD7 7AG","DD7","7AG","DD77AG"
1293054,"DD76LZ","S01007144","9E89103C-10F0-2C71-E053-A03BA40A7146","Public Park Or Garden",2851.15199999771,125.17587,1,2851,26.2727272727273,"Less than or equal to 300m",953.088672580645,75434.4899951621,1.41935483870968,92220.2258064516,385.309090909091,"DD7 6LZ","DD7","6LZ","DD76LZ"
1297583,"DD77GX","S01007159","9E891077-ECFF-2C71-E053-A03BA40A7146","Playing Field",30062.0715000107,486.21497,3,121007,24.1590909090909,"300-600m",309.52626435,30071.7391025104,3.9,131365.5,3851.68948051948,"DD7 7GX","DD7","7GX","DD77GX"
1297934,"DD77LB","S01007157","9E891077-ECFF-2C71-E053-A03BA40A7146","Playing Field",30062.0715000107,230.79428,1,30062,47.75,"Less than or equal to 300m",372.838871,30062.0715000107,1,30062,3851.68948051948,"DD7 7LB","DD7","7LB","DD77LB"
1298824,"DD77QT","S01007158","9E891077-ECFF-2C71-E053-A03BA40A7146","Playing Field",30062.0715000107,99.0202,1,30062,63.5,"Less than or equal to 300m",334.881498571428,30062.0715000107,1.14285714285714,36558.0714285714,3851.68948051948,"DD7 7QT","DD7","7QT","DD77QT"
1307087,"DD76HG","S01007165","9E891077-EF45-2C71-E053-A03BA40A7146","Playing Field",30448.7756000024,183.52112,5,139917,24.1388888888889,"Less than or equal to 300m",401.193104571429,19264.5522971436,4.42857142857143,127298.142857143,1896.13645996646,"DD7 6HG","DD7","6HG","DD76HG"
1312224,"DD76HF","S01007169","9E891077-EF45-2C71-E053-A03BA40A7146","Playing Field",30448.7756000024,224.87775,5,139917,46.8,"Less than or equal to 300m",189.990169615385,32166.2443653853,5,139917,1896.13645996646,"DD7 6HF","DD7","6HF","DD76HF"
1312225,"DD77EY","S01007159","9E891077-ECFF-2C71-E053-A03BA40A7146","Playing Field",30062.0715000107,404.82712,5,148008,24.1590909090909,"300-600m",309.52626435,30071.7391025104,3.9,131365.5,3851.68948051948,"DD7 7EY","DD7","7EY","DD77EY"
1316485,"DD77BS","S01007163","9E8910C4-B66D-2C71-E053-A03BA40A7146","Public Park Or Garden",60496.9558499981,314.08597,6,169979,24.4864864864865,"300-600m",186.544457305556,47512.1071986111,5.72222222222222,163924.388888889,1276.97335907336,"DD7 7BS","DD7","7BS","DD77BS"
1326108,"DD76AJ","S01007165","9E891077-FF9C-2C71-E053-A03BA40A7146","Public Park Or Garden",4917.39994999853,261.1379,4,117834,24.1388888888889,"Less than or equal to 300m",401.193104571429,19264.5522971436,4.42857142857143,127298.142857143,1565.69480519481,"DD7 6AJ","DD7","6AJ","DD76AJ"
1326109,"DD76DU","S01007167","9E891077-EC32-2C71-E053-A03BA40A7146","Playing Field",21971.5947500013,629.49585,4,117834,35.4545454545455,"600-900m",760.808140952381,21455.2648404773,3.38095238095238,98429.7619047619,2245.31161616162,"DD7 6DU","DD7","6DU","DD76DU"
1330669,"DD77BT","S01007163","9E891077-EF45-2C71-E053-A03BA40A7146","Playing Field",30448.7756000024,156.6046,6,169979,24.4864864864865,"Less than or equal to 300m",186.544457305556,47512.1071986111,5.72222222222222,163924.388888889,1896.13645996646,"DD7 7BT","DD7","7BT","DD77BT"
1330670,"DD77QX","S01007160","9E891077-ECFF-2C71-E053-A03BA40A7146","Playing Field",30062.0715000107,51.24451,4,143090,33.44,"Less than or equal to 300m",263.133091272727,29752.1120704638,4.31818181818182,140582.681818182,3851.68948051948,"DD7 7QX","DD7","7QX","DD77QX"
1332509,"DD77LR","S01007159","9E891077-ECFF-2C71-E053-A03BA40A7146","Playing Field",30062.0715000107,125.299644,4,143090,24.1590909090909,"Less than or equal to 300m",309.52626435,30071.7391025104,3.9,131365.5,3851.68948051948,"DD7 7LR","DD7","7LR","DD77LR"
1336945,"DD77TG","S01007158","9E891077-ECFF-2C71-E053-A03BA40A7146","Playing Field",30062.0715000107,624.948,1,30062,63.5,"600-900m",334.881498571428,30062.0715000107,1.14285714285714,36558.0714285714,3851.68948051948,"DD7 7TG","DD7","7TG","DD77TG"
1345844,"DD77JW","S01007158","9E891077-ECFF-2C71-E053-A03BA40A7146","Playing Field",30062.0715000107,363.9849,1,30062,63.5,"300-600m",334.881498571428,30062.0715000107,1.14285714285714,36558.0714285714,3851.68948051948,"DD7 7JW","DD7","7JW","DD77JW"
1347833,"DD77PT","S01007163","9E8910C4-B66D-2C71-E053-A03BA40A7146","Public Park Or Garden",60496.9558499981,341.25943,5,148008,24.4864864864865,"300-600m",186.544457305556,47512.1071986111,5.72222222222222,163924.388888889,1276.97335907336,"DD7 7PT","DD7","7PT","DD77PT"
1353832,"DD77AL","S01007164","9E891077-EF45-2C71-E053-A03BA40A7146","Playing Field",30448.7756000024,173.11269,6,169979,23.7916666666667,"Less than or equal to 300m",196.486049545455,36733.3183000002,5.45454545454545,153581.545454545,1896.13645996646,"DD7 7AL","DD7","7AL","DD77AL"
1358888,"DD77AP","S01007164","9E8910C4-B66D-2C71-E053-A03BA40A7146","Public Park Or Garden",60496.9558499981,133.13527,5,139917,23.7916666666667,"Less than or equal to 300m",196.486049545455,36733.3183000002,5.45454545454545,153581.545454545,1276.97335907336,"DD7 7AP","DD7","7AP","DD77AP"
1358889,"DD77HE","S01007159","9E891077-ECFF-2C71-E053-A03BA40A7146","Playing Field",30062.0715000107,439.93637,5,148008,24.1590909090909,"300-600m",309.52626435,30071.7391025104,3.9,131365.5,3851.68948051948,"DD7 7HE","DD7","7HE","DD77HE"
1363252,"DD77JF","S01007161","9E891077-FF9C-2C71-E053-A03BA40A7146","Public Park Or Garden",4917.39994999853,451.92145,5,148008,26.8571428571429,"300-600m",429.760981481482,26776.3491407435,5.11111111111111,150449.222222222,1565.69480519481,"DD7 7JF","DD7","7JF","DD77JF"
1366966,"DD77BW","S01007163","9E8910C4-B66D-2C71-E053-A03BA40A7146","Public Park Or Garden",60496.9558499981,323.0975,6,169979,24.4864864864865,"300-600m",186.544457305556,47512.1071986111,5.72222222222222,163924.388888889,1276.97335907336,"DD7 7BW","DD7","7BW","DD77BW"
1366967,"DD77JP","S01007159","9E891077-ECFF-2C71-E053-A03BA40A7146","Playing Field",30062.0715000107,345.25354,5,148008,24.1590909090909,"300-600m",309.52626435,30071.7391025104,3.9,131365.5,3851.68948051948,"DD7 7JP","DD7","7JP","DD77JP"
1370240,"DD77HR","S01007161","9E891077-FF9C-2C71-E053-A03BA40A7146","Public Park Or Garden",4917.39994999853,315.26813,5,148008,26.8571428571429,"300-600m",429.760981481482,26776.3491407435,5.11111111111111,150449.222222222,1565.69480519481,"DD7 7HR","DD7","7HR","DD77HR"
1375500,"DD77GU","S01007159","9E891077-ECFF-2C71-E053-A03BA40A7146","Playing Field",30062.0715000107,334.08084,3,121007,24.1590909090909,"300-600m",309.52626435,30071.7391025104,3.9,131365.5,3851.68948051948,"DD7 7GU","DD7","7GU","DD77GU"
1382418,"DD76HE","S01007165","9E891077-EF45-2C71-E053-A03BA40A7146","Playing Field",30448.7756000024,338.74033,5,139917,24.1388888888889,"300-600m",401.193104571429,19264.5522971436,4.42857142857143,127298.142857143,1896.13645996646,"DD7 6HE","DD7","6HE","DD76HE"
1383711,"DD76DE","S01007165","9E891077-FF9C-2C71-E053-A03BA40A7146","Public Park Or Garden",4917.39994999853,594.4981,4,117834,24.1388888888889,"300-600m",401.193104571429,19264.5522971436,4.42857142857143,127298.142857143,1565.69480519481,"DD7 6DE","DD7","6DE","DD76DE"
1389773,"DD77RS","S01007144","9E891077-ECFF-2C71-E053-A03BA40A7146","Playing Field",30062.0715000107,839.5904,1,30062,26.2727272727273,"600-900m",953.088672580645,75434.4899951621,1.41935483870968,92220.2258064516,3851.68948051948,"DD7 7RS","DD7","7RS","DD77RS"
1394485,"DD77BL","S01007163","9E8910C4-B66D-2C71-E053-A03BA40A7146","Public Park Or Garden",60496.9558499981,348.75922,6,169979,24.4864864864865,"300-600m",186.544457305556,47512.1071986111,5.72222222222222,163924.388888889,1276.97335907336,"DD7 7BL","DD7","7BL","DD77BL"
1400465,"DD76ET","S01007165","9E891077-EF45-2C71-E053-A03BA40A7146","Playing Field",30448.7756000024,488.774,4,117834,24.1388888888889,"300-600m",401.193104571429,19264.5522971436,4.42857142857143,127298.142857143,1896.13645996646,"DD7 6ET","DD7","6ET","DD76ET"
1400466,"DD76GS","S01007143","9E891077-EC32-2C71-E053-A03BA40A7146","Playing Field",21971.5947500013,110.16351,5,139917,57.75,"Less than or equal to 300m",171.003693916667,41252.8181333335,4.75,140783.166666667,2245.31161616162,"DD7 6GS","DD7","6GS","DD76GS"
1400467,"DD77PH","S01007164","9E891077-EF45-2C71-E053-A03BA40A7146","Playing Field",30448.7756000024,204.12006,6,169979,23.7916666666667,"Less than or equal to 300m",196.486049545455,36733.3183000002,5.45454545454545,153581.545454545,1896.13645996646,"DD7 7PH","DD7","7PH","DD77PH"
1400468,"DD77RU","S01007156","9E891077-ECFF-2C71-E053-A03BA40A7146","Playing Field",30062.0715000107,697.0581,1,30062,52,"600-900m",772.20523,30062.0715000107,1,30062,3851.68948051948,"DD7 7RU","DD7","7RU","DD77RU"
1409989,"DD76HD","S01007165","9E891077-EC32-2C71-E053-A03BA40A7146","Playing Field",21971.5947500013,428.59073,5,139917,24.1388888888889,"300-600m",401.193104571429,19264.5522971436,4.42857142857143,127298.142857143,2245.31161616162,"DD7 6HD","DD7","6HD","DD76HD"
1413660,"DD77AU","S01007163","9E891077-EF45-2C71-E053-A03BA40A7146","Playing Field",30448.7756000024,81.63332,5,139917,24.4864864864865,"Less than or equal to 300m",186.544457305556,47512.1071986111,5.72222222222222,163924.388888889,1896.13645996646,"DD7 7AU","DD7","7AU","DD77AU"
1419601,"DD76AT","S01007166","9E891077-FF9C-2C71-E053-A03BA40A7146","Public Park Or Garden",4917.39994999853,502.6659,4,117834,27.25,"300-600m",854.949475217391,9366.32033260794,2.73913043478261,77489.6086956522,1565.69480519481,"DD7 6AT","DD7","6AT","DD76AT"
1427439,"DD76JL","S01007168","9E891077-EC32-2C71-E053-A03BA40A7146","Playing Field",21971.5947500013,410.09875,3,112917,66.1538461538462,"300-600m",420.423819230769,21971.5947500013,3.07692307692308,106098.307692308,2245.31161616162,"DD7 6JL","DD7","6JL","DD76JL"
1435283,"DD76AS","S01007166","9E891077-FF9C-2C71-E053-A03BA40A7146","Public Park Or Garden",4917.39994999853,553.2251,4,117834,27.25,"300-600m",854.949475217391,9366.32033260794,2.73913043478261,77489.6086956522,1565.69480519481,"DD7 6AS","DD7","6AS","DD76AS"
1439516,"DD77RL","S01007144","9E891077-ECFF-2C71-E053-A03BA40A7146","Playing Field",30062.0715000107,412.16138,1,30062,26.2727272727273,"300-600m",953.088672580645,75434.4899951621,1.41935483870968,92220.2258064516,3851.68948051948,"DD7 7RL","DD7","7RL","DD77RL"
1446941,"DD77JQ","S01007159","9E891077-ECFF-2C71-E053-A03BA40A7146","Playing Field",30062.0715000107,333.31366,5,148008,24.1590909090909,"300-600m",309.52626435,30071.7391025104,3.9,131365.5,3851.68948051948,"DD7 7JQ","DD7","7JQ","DD77JQ"
1451909,"DD77BE","S01007163","9E8910C4-B66D-2C71-E053-A03BA40A7146","Public Park Or Garden",60496.9558499981,105.36128,6,169979,24.4864864864865,"Less than or equal to 300m",186.544457305556,47512.1071986111,5.72222222222222,163924.388888889,1276.97335907336,"DD7 7BE","DD7","7BE","DD77BE"
1456235,"DD77QN","S01007159","9E891077-ECFF-2C71-E053-A03BA40A7146","Playing Field",30062.0715000107,229.3142,4,143090,24.1590909090909,"Less than or equal to 300m",309.52626435,30071.7391025104,3.9,131365.5,3851.68948051948,"DD7 7QN","DD7","7QN","DD77QN"
1456236,"DD77UB","S01007157","9E891077-ECFF-2C71-E053-A03BA40A7146","Playing Field",30062.0715000107,420.61978,1,30062,47.75,"300-600m",372.838871,30062.0715000107,1,30062,3851.68948051948,"DD7 7UB","DD7","7UB","DD77UB"
1463117,"DD77QJ","S01007159","9E891077-ECFF-2C71-E053-A03BA40A7146","Playing Field",30062.0715000107,333.08408,5,148008,24.1590909090909,"300-600m",309.52626435,30071.7391025104,3.9,131365.5,3851.68948051948,"DD7 7QJ","DD7","7QJ","DD77QJ"
1470186,"DD77EJ","S01007161","9E891077-FF9C-2C71-E053-A03BA40A7146","Public Park Or Garden",4917.39994999853,262.76224,6,169979,26.8571428571429,"Less than or equal to 300m",429.760981481482,26776.3491407435,5.11111111111111,150449.222222222,1565.69480519481,"DD7 7EJ","DD7","7EJ","DD77EJ"
1472057,"DD76JB","S01007169","9E891077-EC32-2C71-E053-A03BA40A7146","Playing Field",21971.5947500013,116.24973,5,139917,46.8,"Less than or equal to 300m",189.990169615385,32166.2443653853,5,139917,2245.31161616162,"DD7 6JB","DD7","6JB","DD76JB"
1472058,"DD77QS","S01007159","9E891077-ECFF-2C71-E053-A03BA40A7146","Playing Field",30062.0715000107,87.66413,4,143090,24.1590909090909,"Less than or equal to 300m",309.52626435,30071.7391025104,3.9,131365.5,3851.68948051948,"DD7 7QS","DD7","7QS","DD77QS"
1475158,"DD76AG","S01007165","9E891077-FF9C-2C71-E053-A03BA40A7146","Public Park Or Garden",4917.39994999853,267.3668,4,117834,24.1388888888889,"Less than or equal to 300m",401.193104571429,19264.5522971436,4.42857142857143,127298.142857143,1565.69480519481,"DD7 6AG","DD7","6AG","DD76AG"
1475159,"DD77NS","S01007157","9E891077-ECFF-2C71-E053-A03BA40A7146","Playing Field",30062.0715000107,468.97867,1,30062,47.75,"300-600m",372.838871,30062.0715000107,1,30062,3851.68948051948,"DD7 7NS","DD7","7NS","DD77NS"
1482679,"DD77JU","S01007158","9E891077-ECFF-2C71-E053-A03BA40A7146","Playing Field",30062.0715000107,387.07236,1,30062,63.5,"300-600m",334.881498571428,30062.0715000107,1.14285714285714,36558.0714285714,3851.68948051948,"DD7 7JU","DD7","7JU","DD77JU"
1488972,"DD76LY","S01007144","9E891077-C573-2C71-E053-A03BA40A7146","Public Park Or Garden",269131.98054999,1397.6301,1,269131,26.2727272727273,"900-1800m",953.088672580645,75434.4899951621,1.41935483870968,92220.2258064516,373.226515151515,"DD7 6LY","DD7","6LY","DD76LY"
1500653,"DD76LG","S01007144","9E891077-EC32-2C71-E053-A03BA40A7146","Playing Field",21971.5947500013,1403.362,1,21971,26.2727272727273,"900-1800m",953.088672580645,75434.4899951621,1.41935483870968,92220.2258064516,2245.31161616162,"DD7 6LG","DD7","6LG","DD76LG"
1513583,"DD76LH","S01007144","9E891077-C573-2C71-E053-A03BA40A7146","Public Park Or Garden",269131.98054999,1938.8889,1,269131,26.2727272727273,"Greater than 1800m",953.088672580645,75434.4899951621,1.41935483870968,92220.2258064516,373.226515151515,"DD7 6LH","DD7","6LH","DD76LH"
1513884,"DD76LL","S01007144","9E89103C-10F0-2C71-E053-A03BA40A7146","Public Park Or Garden",2851.15199999771,1101.6792,1,2851,26.2727272727273,"900-1800m",953.088672580645,75434.4899951621,1.41935483870968,92220.2258064516,385.309090909091,"DD7 6LL","DD7","6LL","DD76LL"
1513885,"DD76JQ","S01007144","9E89103C-10F0-2C71-E053-A03BA40A7146","Public Park Or Garden",2851.15199999771,1280.1078,1,2851,26.2727272727273,"900-1800m",953.088672580645,75434.4899951621,1.41935483870968,92220.2258064516,385.309090909091,"DD7 6JQ","DD7","6JQ","DD76JQ"
1513886,"DD76JU","S01007167","9E89103C-10F0-2C71-E053-A03BA40A7146","Public Park Or Garden",2851.15199999771,1487.9843,1,2851,35.4545454545455,"900-1800m",760.808140952381,21455.2648404773,3.38095238095238,98429.7619047619,385.309090909091,"DD7 6JU","DD7","6JU","DD76JU"
1513890,"DD76LP","S01007144","9E89103C-10F0-2C71-E053-A03BA40A7146","Public Park Or Garden",2851.15199999771,1111.1796,1,2851,26.2727272727273,"900-1800m",953.088672580645,75434.4899951621,1.41935483870968,92220.2258064516,385.309090909091,"DD7 6LP","DD7","6LP","DD76LP"
1518138,"DD77SJ","S01007156","9E891077-ECFF-2C71-E053-A03BA40A7146","Playing Field",30062.0715000107,1357.1293,1,30062,52,"900-1800m",772.20523,30062.0715000107,1,30062,3851.68948051948,"DD7 7SJ","DD7","7SJ","DD77SJ"
1535920,"DD77SE","S01007144","9E8910C4-B60F-2C71-E053-A03BA40A7146","Public Park Or Garden",783743.638199987,1594.4937,1,783743,26.2727272727273,"900-1800m",953.088672580645,75434.4899951621,1.41935483870968,92220.2258064516,714.178641251222,"DD7 7SE","DD7","7SE","DD77SE"
1538398,"DD76BJ","S01007166","9E891077-EC32-2C71-E053-A03BA40A7146","Playing Field",21971.5947500013,1028.7299,1,21971,27.25,"900-1800m",854.949475217391,9366.32033260794,2.73913043478261,77489.6086956522,2245.31161616162,"DD7 6BJ","DD7","6BJ","DD76BJ"
1538399,"DD76JS","S01007167","9E891077-EC32-2C71-E053-A03BA40A7146","Playing Field",21971.5947500013,1036.028,1,21971,35.4545454545455,"900-1800m",760.808140952381,21455.2648404773,3.38095238095238,98429.7619047619,2245.31161616162,"DD7 6JS","DD7","6JS","DD76JS"
1538400,"DD76JY","S01007167","9E891077-EC32-2C71-E053-A03BA40A7146","Playing Field",21971.5947500013,1008.1275,1,21971,35.4545454545455,"900-1800m",760.808140952381,21455.2648404773,3.38095238095238,98429.7619047619,2245.31161616162,"DD7 6JY","DD7","6JY","DD76JY"
1538401,"DD76EA","S01007166","9E891077-EC32-2C71-E053-A03BA40A7146","Playing Field",21971.5947500013,1117.3683,1,21971,27.25,"900-1800m",854.949475217391,9366.32033260794,2.73913043478261,77489.6086956522,2245.31161616162,"DD7 6EA","DD7","6EA","DD76EA"
1538402,"DD76BG","S01007166","9E891077-EC32-2C71-E053-A03BA40A7146","Playing Field",21971.5947500013,1131.9258,1,21971,27.25,"900-1800m",854.949475217391,9366.32033260794,2.73913043478261,77489.6086956522,2245.31161616162,"DD7 6BG","DD7","6BG","DD76BG"
1538403,"DD76BH","S01007166","9E891077-EC32-2C71-E053-A03BA40A7146","Playing Field",21971.5947500013,1068.9247,1,21971,27.25,"900-1800m",854.949475217391,9366.32033260794,2.73913043478261,77489.6086956522,2245.31161616162,"DD7 6BH","DD7","6BH","DD76BH"
1539619,"DD76LE","S01007140","9E891077-C573-2C71-E053-A03BA40A7146","Public Park Or Garden",269131.98054999,1428.0844,1,269131,47.5416666666667,"900-1800m",690.711085434783,649030.286515209,1,649029.608695652,373.226515151515,"DD7 6LE","DD7","6LE","DD76LE"
1539620,"DD76JX","S01007140","9E891077-C573-2C71-E053-A03BA40A7146","Public Park Or Garden",269131.98054999,1425.8485,1,269131,47.5416666666667,"900-1800m",690.711085434783,649030.286515209,1,649029.608695652,373.226515151515,"DD7 6JX","DD7","6JX","DD76JX"
1541434,"DD77RY","S01007144","9E891076-9E32-2C71-E053-A03BA40A7146","Public Park Or Garden",94756.4030500018,1609.1678,1,94756,26.2727272727273,"900-1800m",953.088672580645,75434.4899951621,1.41935483870968,92220.2258064516,1634.50466211145,"DD7 7RY","DD7","7RY","DD77RY"
1550896,"DD77SD","S01007144","9E891076-87AE-2C71-E053-A03BA40A7146","Playing Field",8247.52355000689,2019.4497,1,8247,26.2727272727273,"Greater than 1800m",953.088672580645,75434.4899951621,1.41935483870968,92220.2258064516,204.853372434018,"DD7 7SD","DD7","7SD","DD77SD"
1551432,"DD76LX","S01007140","9E891077-C573-2C71-E053-A03BA40A7146","Public Park Or Garden",269131.98054999,1102.6694,1,269131,47.5416666666667,"900-1800m",690.711085434783,649030.286515209,1,649029.608695652,373.226515151515,"DD7 6LX","DD7","6LX","DD76LX"
1552565,"DD77RP","S01007156","9E891077-ECFF-2C71-E053-A03BA40A7146","Playing Field",30062.0715000107,1067.1012,1,30062,52,"900-1800m",772.20523,30062.0715000107,1,30062,3851.68948051948,"DD7 7RP","DD7","7RP","DD77RP"
1552566,"DD77RF","S01007156","9E891077-ECFF-2C71-E053-A03BA40A7146","Playing Field",30062.0715000107,1239.6278,1,30062,52,"900-1800m",772.20523,30062.0715000107,1,30062,3851.68948051948,"DD7 7RF","DD7","7RF","DD77RF"
1552567,"DD77RR","S01007144","9E891077-ECFF-2C71-E053-A03BA40A7146","Playing Field",30062.0715000107,1752.9532,1,30062,26.2727272727273,"900-1800m",953.088672580645,75434.4899951621,1.41935483870968,92220.2258064516,3851.68948051948,"DD7 7RR","DD7","7RR","DD77RR"
1552568,"DD77SQ","S01007156","9E891077-ECFF-2C71-E053-A03BA40A7146","Playing Field",30062.0715000107,1099.5308,1,30062,52,"900-1800m",772.20523,30062.0715000107,1,30062,3851.68948051948,"DD7 7SQ","DD7","7SQ","DD77SQ"
1552569,"DD77RJ","S01007144","9E891077-ECFF-2C71-E053-A03BA40A7146","Playing Field",30062.0715000107,1373.469,1,30062,26.2727272727273,"900-1800m",953.088672580645,75434.4899951621,1.41935483870968,92220.2258064516,3851.68948051948,"DD7 7RJ","DD7","7RJ","DD77RJ"
1552570,"DD77RQ","S01007156","9E891077-ECFF-2C71-E053-A03BA40A7146","Playing Field",30062.0715000107,1068.5963,1,30062,52,"900-1800m",772.20523,30062.0715000107,1,30062,3851.68948051948,"DD7 7RQ","DD7","7RQ","DD77RQ"
1556053,"DD76BE","S01007166","9E891077-FF9C-2C71-E053-A03BA40A7146","Public Park Or Garden",4917.39994999853,1038.6193,1,4917,27.25,"900-1800m",854.949475217391,9366.32033260794,2.73913043478261,77489.6086956522,1565.69480519481,"DD7 6BE","DD7","6BE","DD76BE"
1556545,"DD77SB","S01007144","9E891076-9E32-2C71-E053-A03BA40A7146","Public Park Or Garden",94756.4030500018,2519.8745,1,94756,26.2727272727273,"Greater than 1800m",953.088672580645,75434.4899951621,1.41935483870968,92220.2258064516,1634.50466211145,"DD7 7SB","DD7","7SB","DD77SB"
1556546,"DD77SA","S01007144","9E891076-9E32-2C71-E053-A03BA40A7146","Public Park Or Garden",94756.4030500018,1902.1044,1,94756,26.2727272727273,"Greater than 1800m",953.088672580645,75434.4899951621,1.41935483870968,92220.2258064516,1634.50466211145,"DD7 7SA","DD7","7SA","DD77SA"
1556547,"DD77SG","S01007144","9E891076-9E32-2C71-E053-A03BA40A7146","Public Park Or Garden",94756.4030500018,1438.9808,1,94756,26.2727272727273,"900-1800m",953.088672580645,75434.4899951621,1.41935483870968,92220.2258064516,1634.50466211145,"DD7 7SG","DD7","7SG","DD77SG"
